text,label,label_name
"I tried to get money out of the Notting Hill ATM earlier, but wasn't able to. Is my card working okay? It's the first time I tried using it.",9,declined_cash_withdrawal
I could not access my money at the ATM,9,declined_cash_withdrawal
How can I change my password?,19,passcode_forgotten
Is there a problem with your system being down or something? I have already tried 5 times to issue a standard transfer but I'm getting nowhere.,15,failed_transfer
I was charged an extra pound for no reason. Why is that?,14,extra_charge_on_statement
I got less cash because of the exchange rate.,29,wrong_exchange_rate_for_cash_withdrawal
What is the delivery time for US?,5,card_delivery_estimate
What is this €1 fee in my statement?,14,extra_charge_on_statement
I don't know how to verify my identity.,24,verify_my_identity
I am having trouble proving my identity.,23,unable_to_verify_identity
When did you send me my new card?,4,card_arrival
Is there any way I could open an account for my daughter?,1,age_limit
"Even though it's late, I wanted to see about disputing a charge. I was just looking through my transactions over the past couple of months and noticed a pretty large amount that was not completed by me. Is this possibly something I can still do.",11,direct_debit_payment_not_recognised
"I tried to withdraw cash, but got declined!",9,declined_cash_withdrawal
How did you come up with your exchange rates?,13,exchange_rate
I won't verify my identity.,27,why_verify_identity
Why was my cash withdrawal given the wrong exchange rate?,29,wrong_exchange_rate_for_cash_withdrawal
I made a payment that seems to be stuck. It's been a couple of days already. Can you tell me how long it will take?,20,pending_card_payment
The exchange rate for my withdrawal isn't correct and doesn't match the actual exchange rate.,29,wrong_exchange_rate_for_cash_withdrawal
"I am at the ATM and tried to withdraw 30 pounds and it only gave me 10 pounds, what do I do?",28,wrong_amount_of_cash_received
How can I get my physical card to work?,7,card_not_working
How do I get the passcode reset?,19,passcode_forgotten
What is the process for activating my card and using it?,0,activate_my_card
My card was declined at a restaurant today and I don't know what the problem is.,7,card_not_working
Can you give me information about verification code?,25,verify_top_up
what are the reasons I have to proof my identity to you?,27,why_verify_identity
Do exchanges cost more?,12,exchange_charge
"Please help! I was looking at my account and saw a transaction with a seller I don't remember. Is it possible for you to track the sale, because I really don't think I made a payment to them.",11,direct_debit_payment_not_recognised
Please help my find out why there is an odd direct debit in my records.,11,direct_debit_payment_not_recognised
Is there a reason behind why my transfer did not work?,15,failed_transfer
I had to pay one pound more than the set price!,14,extra_charge_on_statement
"If someone in a different country sends me money, do I have to pay a fee?",12,exchange_charge
I am inquiring about a $1 charge on my statement.,14,extra_charge_on_statement
My transfer was rejected,10,declined_transfer
I'm having trouble proving my identity,23,unable_to_verify_identity
Why does my statement show an extra fee?,14,extra_charge_on_statement
What do you charge for an exchange fee?,12,exchange_charge
Why isn't my card working anymore?,7,card_not_working
How can I top up by card?,22,topping_up_by_card
Where can I find a Mastercard ATM?,2,atm_support
Where can I find my PIN? I haven't gotten it yet.,17,get_physical_card
Please help me with my card. It won't activate.,0,activate_my_card
Can I use a different bank ATM than my own?,2,atm_support
How long is a delivery to the US?,5,card_delivery_estimate
I was charged extra or a hidden fee when I purchased something from you. What's the deal? I didn't authorize that charge.,14,extra_charge_on_statement
How do I know how much money I will have when I travel abroad?,13,exchange_rate
How are your exchange rates calculated?,13,exchange_rate
The exchange rate for my cash withdrawal was incorrect,29,wrong_exchange_rate_for_cash_withdrawal
Do you have an option for auto top up?,3,automatic_top_up
I have an unknown direct debit payment on my account,11,direct_debit_payment_not_recognised
How do I fill out the identity check?,24,verify_my_identity
auto-top up option can be found where?,3,automatic_top_up
Can I be given a new passcode?,19,passcode_forgotten
What needs to be provided for identity verification?,24,verify_my_identity
"I found my card, can I add it to the app?",6,card_linking
How long does it take for me to get my pin,17,get_physical_card
The atm didn't give me all my cash,28,wrong_amount_of_cash_received
"I got less than what i asked for in the ATM, why?",28,wrong_amount_of_cash_received
Why is your exchange rate for my card payment wrong,8,card_payment_wrong_exchange_rate
How can I check for an unsupported merchant for my transfer request?,10,declined_transfer
I need my card to be activated right now.,0,activate_my_card
Tell me what ATMs use this card.,2,atm_support
Why can't I get cash from the ATM?,9,declined_cash_withdrawal
I didn't make the direct debit payment on my account.,11,direct_debit_payment_not_recognised
What is the minimum age required to open an account with your service?,1,age_limit
The card that I have isn't working. This is the physical card.,7,card_not_working
I had the wrong exchange rate applied to some cash I got abroad.,29,wrong_exchange_rate_for_cash_withdrawal
How do I top-up while traveling?,3,automatic_top_up
something is wrong with my exchange rate charge,8,card_payment_wrong_exchange_rate
There is a payment in my app that I did not make. I have not used that card all day Please reimburse my money.,11,direct_debit_payment_not_recognised
My friends would like to add to my account. What is the procedure?,22,topping_up_by_card
I am not able to prove my identity,23,unable_to_verify_identity
"I get a ""decline"" message when doing a transfer",10,declined_transfer
I've made a card payment a couple of days ago now but it looks like the money is stuck. How long does it typically take for the payment to go through?,20,pending_card_payment
How do I link one your card if I have one already?,6,card_linking
Why can't I withdraw cash from this ATM?,9,declined_cash_withdrawal
"What about an auto top-up, is that a option?",3,automatic_top_up
The app does not believe that I am myself,23,unable_to_verify_identity
"Hello, my transfers are getting failed continuously, in spite of the fact that all the recipient details are correct. Please advise.",10,declined_transfer
Is there an age limit to get an account?,1,age_limit
I have a pending payment on my card. Why?,20,pending_card_payment
Why couldn't I get cash from an ATM?,9,declined_cash_withdrawal
"I purchased something while traveling, and the exchange rate applied was wrong.",8,card_payment_wrong_exchange_rate
"Hi, I draw out some money from the ATM today. The ATM has given me wrong amount and the application is displaying more amount than i withdraw.",28,wrong_amount_of_cash_received
"I cant find my card, it's gone.",18,lost_or_stolen_card
How do I activate a new card?,0,activate_my_card
"My Netflix subscription says that there is an issue with my card information, but I thought everything was fine. Why would it be declined?",7,card_not_working
My card got stolen!,18,lost_or_stolen_card
I have made a card payment but it did not completed still showing as pending. Please tell me when it will be completed.,20,pending_card_payment
My transfer appeared not to work.,15,failed_transfer
Why did the bank reject my transfer?,15,failed_transfer
Status of the card I ordered.,4,card_arrival
Can I get money out of any machine?,2,atm_support
Where'd the rest of my cash go from the ATM,28,wrong_amount_of_cash_received
I have an unauthorized charge.,11,direct_debit_payment_not_recognised
My new card has not been delivered to my home yet. What is going on?,4,card_arrival
What is a pending payment?,20,pending_card_payment
Help! I lost my card!,18,lost_or_stolen_card
I did not receive the right amount of cash.,28,wrong_amount_of_cash_received
"My wallet was stolen, along with my cards. How do I put a freeze on my cards and order a new one?",18,lost_or_stolen_card
Why do you need to check my identity?,27,why_verify_identity
Who can have access to top up my account?,22,topping_up_by_card
"I tried to withdraw some funds from my card, but was declined. How can I get my money?",9,declined_cash_withdrawal
The exchange rate is incorrect for my payment.,8,card_payment_wrong_exchange_rate
I bought an item at the wrong exchange rate.,8,card_payment_wrong_exchange_rate
The ATM shows a withdraw of the amount of money I requested but I didn't revieve that amount in cash.,28,wrong_amount_of_cash_received
Why hasn't my payment gone through?,20,pending_card_payment
Why do I have to verify the top-up?,25,verify_top_up
atm would not give me cash,9,declined_cash_withdrawal
What is the delivery time to the US?,5,card_delivery_estimate
I am sure I have plenty of money to transfer but my transfer is being declined.,10,declined_transfer
Do I need a photo ID to activate a my new card?,0,activate_my_card
Help! I forgot my password.,19,passcode_forgotten
Can I use my virtual card to complete transactions for memberships?,26,virtual_card_not_working
Must I verify my identity?,27,why_verify_identity
How do you do exchanges?,13,exchange_rate
Can you tell me your exchange rates?,13,exchange_rate
I haven't received my pin,17,get_physical_card
do i need to wait for my card before i get pin,17,get_physical_card
Why can't I take money from my account?,9,declined_cash_withdrawal
How long does an item I bought show as pending?,20,pending_card_payment
Help. I have a stolen card!,18,lost_or_stolen_card
I tried paying with my disposable virtual card earlier but it was rejected. What can I do to fix this?,26,virtual_card_not_working
Do you have an age requirement when opening an account with your service?,1,age_limit
can i add funds with a card from the united states,21,supported_cards_and_currencies
Is there a reason my cash withdrawal was declined?,9,declined_cash_withdrawal
"If I exchange currency frequently, can I get a discounted rate?",12,exchange_charge
When will my new card arrive?,4,card_arrival
Is there a way to reset my passcode?,19,passcode_forgotten
I wanted to know about a pending dollar that is on my statement.,14,extra_charge_on_statement
are you sending me my card?,5,card_delivery_estimate
I don't see me 'top up' in my wallet,22,topping_up_by_card
I tried using my card at multiple vendors and now it's not working.,7,card_not_working
The wrong exchange rate was used for my cash withdrawal,29,wrong_exchange_rate_for_cash_withdrawal
"I believe my card has been stolen, what can I do about this situation? It's urgent.",18,lost_or_stolen_card
There is a transaction showing in my app that I did not make as I have not used that card all day. Please reimburse this amount to my account.,11,direct_debit_payment_not_recognised
I wasn't charged the correct exchange rate for an item I purchased.,8,card_payment_wrong_exchange_rate
I have kids and I'm curious at what age could they start to use your service.,1,age_limit
It won't let me prove my identity.,23,unable_to_verify_identity
I did not get as much cash as I requested at the ATM.,28,wrong_amount_of_cash_received
Do you accept Mastercard?,21,supported_cards_and_currencies
I need my card right away.,5,card_delivery_estimate
I would like to track the card you sent to me.,4,card_arrival
"I did a top-up, but I'm not seeing it in my wallet yet.",22,topping_up_by_card
I don't want to verify my identity,27,why_verify_identity
I need to do a card activation.,0,activate_my_card
What does pending payment mean?,20,pending_card_payment
"Hi, I am currently in the process of buying a flat and I am waiting for the mortgage to go through but it keeps showing up as an error. Do you know what could be causing this and can you help me get the money over.",15,failed_transfer
Instruct me how to reset the passcode.,19,passcode_forgotten
Where do you guys acquire your exchange rate?,13,exchange_rate
I visited the ATM but got less money than what I requested. Why?,28,wrong_amount_of_cash_received
Why was I not able to complete a transfer?,15,failed_transfer
I haven't received the PIN yet.,17,get_physical_card
I couldnt get cash in an ATM,9,declined_cash_withdrawal
Where is the top-up verification code sent?,25,verify_top_up
How can I report that my card was stolen? I made a police report first.,18,lost_or_stolen_card
I cannot find my credit card.,18,lost_or_stolen_card
I have been waiting for my card payment to be moved from pending status for an unusually long time. What is going on here and do you have an idea of when I can expect it to go through?,20,pending_card_payment
"When traveling, can I auto top-up my card at certain times?",3,automatic_top_up
The ATM didn't let me get any cash,9,declined_cash_withdrawal
how do I speed up identity verification?,27,why_verify_identity
How do i activate my card,0,activate_my_card
How is my PIN sent?,17,get_physical_card
i need to proof my identity to you why and how?,27,why_verify_identity
The top-up verification code is not visible.,25,verify_top_up
What do I do to activate my new card?,0,activate_my_card
"I'm waiting for the ID verification to go through still, so is it too soon to use my account?",27,why_verify_identity
Are there any documents needed for the identity check?,24,verify_my_identity
Can I give my friends access to my account so they can top it up for me?,22,topping_up_by_card
"I want to start using my card, how do I activate it?",0,activate_my_card
"After I make a payment, how long will it be before it transitions from ""pending"" to complete?",20,pending_card_payment
Why can't I get my virtual card to work?,26,virtual_card_not_working
How do I make my card appear on the app?,6,card_linking
Can I start an account for my kids?,1,age_limit
Why is your exchange rate different on different days?,13,exchange_rate
Can I use my account although the identity verification has not been accepted yet?,27,why_verify_identity
Why is the payment showing as pending from things I bought this morning?,20,pending_card_payment
I lost my wallet today with all my credit cards. Will you please block the card and send a replacement?,18,lost_or_stolen_card
I have a card that was deactivated can I reactivate it?,6,card_linking
How do I get my disposable virtual card to work?,26,virtual_card_not_working
There is a strange 1£ charge that appears as pending on my statement. What's the cause for that? I haven't purchased anything for a pound.,14,extra_charge_on_statement
"I put in a payment a while ago and it has still not cleared and is showing up as ""pending"", how long does it take to clear?",20,pending_card_payment
This debit is not my transcation. How do I get my money out back?,11,direct_debit_payment_not_recognised
"The exchange rate given to me after a purchase, was incorrect",8,card_payment_wrong_exchange_rate
Could you send me and up date on the arrival of my card?,4,card_arrival
Does delivery to the US take long?,5,card_delivery_estimate
Why doesn't the app believe I am who I say I am?,23,unable_to_verify_identity
Help me! I don't know what my password is.,19,passcode_forgotten
I can't seem to make a standard bank transfer. I have tried at least five times already but none of them are going through. Please tell me what is wrong?,15,failed_transfer
"Is there anyway, I can get a disposable virtual card?",16,get_disposable_virtual_card
How can I use American Express to add funds to my account?,21,supported_cards_and_currencies
"Hi, One of payment is still coming as pending for which i have already paid by card. I guess it did not processed, could you please check and update me.",20,pending_card_payment
Why do you need to know so much about me for my account?,27,why_verify_identity
I don't see my top up in my wallet.,22,topping_up_by_card
What would make a decline message show up during a transfer?,10,declined_transfer
I see a $1 charge in a transaction.,14,extra_charge_on_statement
after going over my transactions for the last couple of months I noticed a pretty large charge that I know I did not make. I know it's been a while but can I still dispute this charge?,11,direct_debit_payment_not_recognised
My card was stolen,18,lost_or_stolen_card
Does it cost extra to exchange currencies?,12,exchange_charge
I can't make purchases with my virtual card.,26,virtual_card_not_working
How do i change my identity?,24,verify_my_identity
Why hasn't my payment shown up yet?,20,pending_card_payment
I will not be able to verify my identity.,23,unable_to_verify_identity
Do you accept credit cards from the US,21,supported_cards_and_currencies
I do not recognize a direct debit payment that I see on my app,11,direct_debit_payment_not_recognised
I attempted to withdraw some money from an ATM this morning and received the wrong amount. Your app says I have enough money available in the account. Can someone tell me what's wrong?,28,wrong_amount_of_cash_received
"You can do that in just a few seconds. Go to account, hit activate, and follow the directions from there.",0,activate_my_card
Where do I go to fill out the identity form?,24,verify_my_identity
Where is my pin? I don't have it yet,17,get_physical_card
How do I set my physical card PIN?,17,get_physical_card
If I exchange currencies on a frequent basis can I receive a discount?,12,exchange_charge
What should I do if my passcode won't work?,19,passcode_forgotten
for some reason I am having a problem with verifying my identity.,23,unable_to_verify_identity
The disposable cards - what are they for?,16,get_disposable_virtual_card
Can you tell my why my funds transfer did not work properly?,15,failed_transfer
How does the exchange rate work on this app?,13,exchange_rate
Why was my request for cash declined?,9,declined_cash_withdrawal
Help me activate my new card.,0,activate_my_card
I could not get the cash I wanted,28,wrong_amount_of_cash_received
What is minimum age for an account?,1,age_limit
how do I link an old card?,6,card_linking
What forms of ID do you need for identity verification?,24,verify_my_identity
Can you explain your exchange rates basis?,13,exchange_rate
Can my daughter make an account?,1,age_limit
Do you offer account services for children and teens?,1,age_limit
Do I have to verify my identity?,27,why_verify_identity
"I am a new customer, and I happened to look at my app and there is a charge I am not familiar with. Could you tell me why the extra charge is there?",14,extra_charge_on_statement
Help! I've forgot my app passcode!,19,passcode_forgotten
I went to do a transfer and it was declined.,10,declined_transfer
My virtual card isn't working.,26,virtual_card_not_working
My card rejected a cash withdrawal. Why?,9,declined_cash_withdrawal
If I need to exchange currency is there an extra fee?,12,exchange_charge
My attempted transfer failed.,15,failed_transfer
how do you determine your exchange rates because one of yours was off when i got cash,29,wrong_exchange_rate_for_cash_withdrawal
Can my password be reset if I do not have it?,19,passcode_forgotten
What am I going to need in order to activate my card?,0,activate_my_card
"I tried topping up using my card, but the money is gone?",22,topping_up_by_card
"I would like to track a card sent to me, how do I do that?",4,card_arrival
What is the verification process for a top up card?,25,verify_top_up
I tried to buy something online yesterday but it kept saying declined. Tried again today but same thing happened. What's broken?,10,declined_transfer
"Can you help me with a weird charge? It's a pound charge that never goes away from the statement view on the app I'm using. It's not described as anything but ""Pending"", and that status has never changed during the last two days.",14,extra_charge_on_statement
Where can I find the card PIN?,17,get_physical_card
What is the charge for exchanging currency?,12,exchange_charge
It declined my transfer.,10,declined_transfer
My ATM transaction was cancelled.,9,declined_cash_withdrawal
How long does it take to activate my card?,0,activate_my_card
How do I enable auto-top up?,3,automatic_top_up
Where is a Mastercard ATM?,2,atm_support
I'd prefer to use my American Express when putting funds into my account.,21,supported_cards_and_currencies
How do I check security settings using the app?,7,card_not_working
can other people use the app to add money to my account,22,topping_up_by_card
What locations can I get money from?,2,atm_support
"Help, your app is showing a larger WD than I actually did earlier at an ATM.",28,wrong_amount_of_cash_received
Help me figure out why my transfer was declined,10,declined_transfer
"I think my card is broken or something. I tried using it and it wouldn't go through, please help.",7,card_not_working
"If I ordered my new card last week, how much longer should I wait to receive it?",4,card_arrival
Can the card was sen to me be tracked?,4,card_arrival
How come my card doesn't work anymore?,7,card_not_working
What currencies do you accept for adding money?,21,supported_cards_and_currencies
"On a card top-up, where can I verify?",25,verify_top_up
I received the wrong amount of cash from the ATM. Can you help?,28,wrong_amount_of_cash_received
I made a purchase but the exchange rate is wrong?,8,card_payment_wrong_exchange_rate
"My card isn't working at all, I need assistance. It's really frustrating.",7,card_not_working
How do I verify my identity?,24,verify_my_identity
The card is non-functional.,7,card_not_working
How do I turn on my new card?,0,activate_my_card
need to know places i can withdraw money,2,atm_support
"If my account is low in funds, can I set an auto top-up?",3,automatic_top_up
"There is an extra charge on my account I didn't authorise, it's just £1, what is it?",14,extra_charge_on_statement
What other methods are there to verify my identity?,27,why_verify_identity
What are the steps to verify my identity?,24,verify_my_identity
I am unsuccessfully trying to make a transfer can you help?,15,failed_transfer
The ATM I used for foreign currency provided the wrong exchange rate.,29,wrong_exchange_rate_for_cash_withdrawal
The rate applied to my foreign currency at an ATM was incorrect.,29,wrong_exchange_rate_for_cash_withdrawal
I need my card ASAP!,5,card_delivery_estimate
Instructions for activating card,0,activate_my_card
I need to make a transfer but it keeps getting declined I need Help!,10,declined_transfer
What cards and currencies can I use to top up my account?,21,supported_cards_and_currencies
Tell me your opinion on the exchange rate.,13,exchange_rate
I found a direct debit I would like to dispute,11,direct_debit_payment_not_recognised
I need to get a disposable virtual card?,16,get_disposable_virtual_card
Does my PIN come with my card?,17,get_physical_card
how come when i asked for 100 it only gave me 20.00 in the app,28,wrong_amount_of_cash_received
"My card was lost on vacation, I don't know where it is. Can you help me take care of this immediately?",18,lost_or_stolen_card
I can't transfer money from my account.,10,declined_transfer
How do I top up using my card?,22,topping_up_by_card
I am unable to use my card for some reason.,7,card_not_working
A withdraw I tried to make at the ATM was declined I don't know why.,9,declined_cash_withdrawal
"I can't transfer any money from my account to my friend's account, it keeps rejecting it. Can you tell me why? I have enough funds in my account to transfer.",15,failed_transfer
The app can't verify my information for identity proofing purposes.,23,unable_to_verify_identity
i want to track the card you sent,4,card_arrival
Can you tell me how to link one of your cards that I already have?,6,card_linking
"I got a transfer fail message, but no explanation of why-- what happened?",15,failed_transfer
Can I get my card expedited?,5,card_delivery_estimate
I can use this card at which ATMs?,2,atm_support
I didn't get the correct amount of money from the ATM machine,28,wrong_amount_of_cash_received
Does a discount apply if I exchange currencies frequently?,12,exchange_charge
Is identity verification required for me to use my account?,27,why_verify_identity
Why do I see an extra fee on my statement?,14,extra_charge_on_statement
How can we correct a mistake on an ATM transaction? The app shows what I should have gotten.,28,wrong_amount_of_cash_received
I have a direct debit that I did not set up,11,direct_debit_payment_not_recognised
My disposable virtual card won't work.,26,virtual_card_not_working
"I have one of your cards already, how do I link it?",6,card_linking
What is the purpose for the identity check,27,why_verify_identity
"My ATM transaction shorted me on cash, and I think the exchange rate was wrong. Did I receive the correct rate?",29,wrong_exchange_rate_for_cash_withdrawal
"I don't know my PIN, how can I find that out?",17,get_physical_card
How do I use the disposable cards?,16,get_disposable_virtual_card
If my card was lost or stolen can I re-link it?,6,card_linking
"So, the card PIN?",17,get_physical_card
Is there any way i get a disposable virtual card as well?,16,get_disposable_virtual_card
I tried to do a transfer and it hasn't worked!,15,failed_transfer
I just got my card. It's not linked yet--how do I do that?,6,card_linking
There is a pending payment on my account that is very strange. I don't remember making this and it won't go away. Can you help me figure this out?,14,extra_charge_on_statement
"I have my card, when whill my PIN be available?",17,get_physical_card
Which ATM's can I use to make a withdrawal?,2,atm_support
"Hi, during online shopping payment is getting declined yesterday and today as well. Please check the issue.",10,declined_transfer
I would like to add money to my account through my American Express.,21,supported_cards_and_currencies
Someone else made a Direct Debit transaction on my account,11,direct_debit_payment_not_recognised
Do I need to verify the top-up?,25,verify_top_up
Is there something wrong with my ATM Card? Tried using it earlier and it did not work.,9,declined_cash_withdrawal
I used my card to top-up but the money is gone!,22,topping_up_by_card
Where is the top-up verification code?,25,verify_top_up
"This morning, I tried to send money to my friends several times but each time the transfer fails. Why does it keep failing? The transfer gets rejected but I do not know what is causing it to be rejected.",15,failed_transfer
Why was I declined at the ATM today when I was trying to make a withdraw?,9,declined_cash_withdrawal
In what increments can I top-up my card?,3,automatic_top_up
My transfer didn't complete. Why can't I access funds?,15,failed_transfer
"I need to verify my identity, but how do I do that?",24,verify_my_identity
Every ATM I visit is rejecting my card and I don't know why. There should be money on it. Can you check it to see if something is wrong or if I'm doing something wrong?,9,declined_cash_withdrawal
How do I get my top-up verification code?,25,verify_top_up
How much is the charge for a foreign currency exchange?,12,exchange_charge
I need to find out why my pending payment hasn't gone through.,20,pending_card_payment
"I tried using my card today and it's not working, can you help me?",7,card_not_working
Do I have to pay more for exchanges?,12,exchange_charge
I still don't have my card after 2 weeks. What should I do?,4,card_arrival
I just got my new card. How can I activate it?,0,activate_my_card
Hello. I'm on holiday and didn't bring any cash with me. I need to withdrawal my home currency from one of your machines. Do you have any that will do this and is there a charge?,29,wrong_exchange_rate_for_cash_withdrawal
I didnt get the correct exchange rate for getting cash,29,wrong_exchange_rate_for_cash_withdrawal
How do I add money to my card?,22,topping_up_by_card
I exchange currencies a lot. Can I get a discount?,12,exchange_charge
I lost my card. Can you help me?,18,lost_or_stolen_card
I think the exchange rate on my card payment is incorrect.,8,card_payment_wrong_exchange_rate
How long is the delivery to the US?,5,card_delivery_estimate
What kind of ATMs would this card be accepted at?,2,atm_support
What is the charge for exchanging currencies?,12,exchange_charge
There is a payment showing on my app that I didn't do. Will you please cancel this payment and refund my money ?,11,direct_debit_payment_not_recognised
You've incorrectly calculated the exchange rate for my cash withdrawal,29,wrong_exchange_rate_for_cash_withdrawal
What is the current exchange fee?,12,exchange_charge
How do I find my new pin?,17,get_physical_card
Why use a disposable card?,16,get_disposable_virtual_card
"I have found my lost or stolen card, would I still have to activate the new card that was sent to me through the mail in order to access my account?",6,card_linking
I am unaware of what my password is.,19,passcode_forgotten
What can I do with a disposable virtual card?,16,get_disposable_virtual_card
I ordered my card but it still isn't here,4,card_arrival
The transfer that I was trying to complete was declined. What was the cause?,10,declined_transfer
There's a payment showing in the app today even though I have not used my card at all. I want a refund.,11,direct_debit_payment_not_recognised
How can I go about getting a disposable virtual card?,16,get_disposable_virtual_card
How is the exchange rate doing?,13,exchange_rate
The app failed to verify my id.,23,unable_to_verify_identity
Can somebody else top up my account?,22,topping_up_by_card
What are the currencies that are accepted to add money?,21,supported_cards_and_currencies
I can't upload my identification.,23,unable_to_verify_identity
"I am calling because the ATM didn't give me the right amount of cash, but my app shows the actual amount I wanted to withdraw. What should I do to get my money back?",28,wrong_amount_of_cash_received
Why would my transfer be declined?,10,declined_transfer
Can I track the card that was just sent to me?,4,card_arrival
Can I verify a top-up and what card is used?,25,verify_top_up
There is an extra 1£ charge on my app. Why did you charge me extra?,14,extra_charge_on_statement
What are the most current exchange rates?,13,exchange_rate
How do I track the card you sent me?,4,card_arrival
Transferring money using credit card,22,topping_up_by_card
Why is my card payment still pending? It should have gone through already.,20,pending_card_payment
Unusual direct deposit,11,direct_debit_payment_not_recognised
I'm not able to withdraw money from the ATM but I'm not sure why.,9,declined_cash_withdrawal
Can you tell me more info about virtual disposable cards?,16,get_disposable_virtual_card
I did not receive the correct amount for the exchange rate.,8,card_payment_wrong_exchange_rate
what documents do i need to verify who i am,24,verify_my_identity
What currency can I use to pay for a top up?,21,supported_cards_and_currencies
The ATM didn't give me the the withdraw amount requested.,28,wrong_amount_of_cash_received
from where are coming your exchange rates?,13,exchange_rate
What are the reasons for a declined transfer?,10,declined_transfer
What is the formula for your exchange rate?,13,exchange_rate
My card is missing! Help!,18,lost_or_stolen_card
How do I find the verification code for my top-up card?,25,verify_top_up
How much are the rates of exchange?,13,exchange_rate
"Hello, I didn't receive the right amount on my ATM transaction, the app shows the correct amount how can we fix this",28,wrong_amount_of_cash_received
Is it possible to also get a disposable virtual card?,16,get_disposable_virtual_card
Where do I go if I want to link my new card?,6,card_linking
"I want to link to my card card with you, how?",6,card_linking
I cannot get my virtual card to work.,26,virtual_card_not_working
"I noticed an extra $1 charge on my statement, can you tell me why that is?",14,extra_charge_on_statement
Is there a limit when using auto top-up?,3,automatic_top_up
What are the charges if I exchange foreign currency?,12,exchange_charge
Can you look to make sure the exchange rate is correct,29,wrong_exchange_rate_for_cash_withdrawal
Is my PIN the same thing as my passcode?,17,get_physical_card
I cannot remember my passcode.,19,passcode_forgotten
I can't get the card itself to work.,7,card_not_working
Where do i verify a top-up card?,25,verify_top_up
Can you tell me what this fee is on my statement?,14,extra_charge_on_statement
Why was I unable to complete my transfer?,15,failed_transfer
How high is the exchange fee?,12,exchange_charge
what is going on with my cash withdrawal? the exchange rate is wrong,29,wrong_exchange_rate_for_cash_withdrawal
Tell me why my transfer failed!,15,failed_transfer
"I want to add money to my card, what payments do you accept?",21,supported_cards_and_currencies
How do I verify my ID?,24,verify_my_identity
I am waiting for a payment to be processed,20,pending_card_payment
How long until the card arrives?,5,card_delivery_estimate
Can I get money in my home currency at an ATM? I'm on vacation and don't have cash with me. This is cause for a bit of concern. Is it possible to withdraw here without additional cost?,29,wrong_exchange_rate_for_cash_withdrawal
I'm unhappy with the exchange rate your cash transactions.,29,wrong_exchange_rate_for_cash_withdrawal
Why are my transfers getting declined? I havent had a problem in the past.,10,declined_transfer
How did you guys get your exchange rate?,13,exchange_rate
What is the length of time for one of these items to come to the U.S?,5,card_delivery_estimate
What are the requirements to open an account for a minor?,1,age_limit
I need to know what is going on. I'm attempting to purchase a flat and need the money to pay on my initial mortgage payment. I'm only getting an error. Can you find out what's going on and help in making the transfer?,15,failed_transfer
I go the wrong exchange rate applied to my purchase in a foreign country.,8,card_payment_wrong_exchange_rate
What are the auto top-up policies?,3,automatic_top_up
How do I to up by card?,22,topping_up_by_card
"I want to block my card or deactivate it or something, it's been stolen and I don't want it misused. I want this handled right away.",18,lost_or_stolen_card
Why does the top-up need verification?,25,verify_top_up
Why do we need to verify top-up?,25,verify_top_up
What's the youngest I can be to open an account?,1,age_limit
how much to get my card in 2 days?,5,card_delivery_estimate
Why does my statement have an extra fee?,14,extra_charge_on_statement
I tried taking out 30 pounds from the ATM just now and it only gave me 10. Why would it do that? I need the 30 pounds now!,28,wrong_amount_of_cash_received
"I just saw the exchange rate you use, but it's so bad that I can't believe that it's the official interbank exchange rate! Is this truly the official interbank exchange rate?",8,card_payment_wrong_exchange_rate
What do I need to show who I am?,24,verify_my_identity
I did not receive the right amount of cash I requested,28,wrong_amount_of_cash_received
I just got my card and cannot get it to work.,0,activate_my_card
Why is my card not working anymore?,7,card_not_working
Exchange fee help?,12,exchange_charge
What's the process for ID verification?,24,verify_my_identity
How long should my new card take to arrive?,4,card_arrival
"When I made a purchase last Saturday, I was charged extra. Did I receive the right exchange rate?",8,card_payment_wrong_exchange_rate
How can I check the exchange rate applied to my transaction?,8,card_payment_wrong_exchange_rate
"Hi, Please help me to request cash back. As i have been withdrawn money from ATM, but i got wrong amount. in Application its showing the amount i have been charged through.",28,wrong_amount_of_cash_received
There was a direct debit from my account and I didn't authorise it,11,direct_debit_payment_not_recognised
I think I am a victim of fraud. I noticed there was a charge on my account that I didn't do because I haven't touched my card today. Can you please reverse the charge and refund my money?,11,direct_debit_payment_not_recognised
Why did my transfer not go through?,15,failed_transfer
"This morning I wanted to make a withdrawal before work, but my card was declined! Please double check it for me as this is the first time it was declined.",9,declined_cash_withdrawal
I can't verify my ID.,23,unable_to_verify_identity
What may be the reason that my transfer did not go through?,15,failed_transfer
How long does it take for something to be delivered to the U.S?,5,card_delivery_estimate
I tried to get gas but my money was gone!,22,topping_up_by_card
Do all ATMs accept this card?,2,atm_support
I found my card. How can I put it into my app?,6,card_linking
How can I get a disposable virtual card?,16,get_disposable_virtual_card
"I'm still waiting for delivery of my new card, why is it taking so long?",4,card_arrival
Is there a reason my transfer failed?,15,failed_transfer
What is the base of the exchange rates?,13,exchange_rate
How do i authenticate a top-up card?,25,verify_top_up
"Hello, I see that I have been charged an extra $1 on my app. Could you please provide me with a reason for this charge?",14,extra_charge_on_statement
What kind of charges should I expect to exchange currencies?,12,exchange_charge
What would the age limit be?,1,age_limit
What is the maximum times I can auto top-up?,3,automatic_top_up
"Someone stole my wallet earlier today, not sure exactly when, probably on Piccadilly circus. Can you check if there were any attempts to use the card and obviously block it?",18,lost_or_stolen_card
Will declined funds I tried to withdraw be returned to me?,28,wrong_amount_of_cash_received
Why was I blocked from withdrawing from the ATM?,9,declined_cash_withdrawal
Where can I link a new card?,6,card_linking
When will my new card be delivered?,4,card_arrival
I was given the wrong amount of cash,28,wrong_amount_of_cash_received
I need to order a new card as my other one was stolen.,18,lost_or_stolen_card
How do I obtain a disposable virtual card?,16,get_disposable_virtual_card
Is the ATM broken? I can't get cash from it.,9,declined_cash_withdrawal
Can i make transactions before identity verification is complete?,27,why_verify_identity
There is a payment that I made that hasn't gone through yet.,20,pending_card_payment
Can i make transactions before identity verification?,27,why_verify_identity
My top up is not showing up in my wallet!,22,topping_up_by_card
You shorted me money when I tried to make a withdrawal.,28,wrong_amount_of_cash_received
"I can't remember my app code, can you reset it?",19,passcode_forgotten
Weird charges are appearing in my debit account.,11,direct_debit_payment_not_recognised
The top-up verification code is missing,25,verify_top_up
I tried withdrawing but my cash is not showing up?,28,wrong_amount_of_cash_received
What is the closest ATM?,2,atm_support
There is a debit paymet that I don't recognize.,11,direct_debit_payment_not_recognised
The rate of exchange for my cash withdrawal is wrong.,29,wrong_exchange_rate_for_cash_withdrawal
What happened! I asked for 30 pounds at your ATM and only go 10. The machine lied about it too. It said I received the full 30 pounds. Someone better help me asap on this.,28,wrong_amount_of_cash_received
My card was taken from me,18,lost_or_stolen_card
Why is the exchange rate wrong when I purchase something abroad?,8,card_payment_wrong_exchange_rate
Can you show me how to verify the top-up card?,25,verify_top_up
I have a direct debit I didn't make,11,direct_debit_payment_not_recognised
Where are the ATMs that I can use Mastercard?,2,atm_support
Why can't I see the top-up amount I just added to my account?,22,topping_up_by_card
When are you going to activate my card?,0,activate_my_card
I need to cancel a transaction on my debit card.,11,direct_debit_payment_not_recognised
I want to know why I have been unable to withdrawn funds.,9,declined_cash_withdrawal
Do I have to go somewhere to activate my card?,0,activate_my_card
The exchange rate for the money I took out in a foreign country is wrong.,29,wrong_exchange_rate_for_cash_withdrawal
What is the purpose for verifying my identity?,27,why_verify_identity
How can I get my money back for a payment i didnt make,11,direct_debit_payment_not_recognised
Where do I go to add a new card?,6,card_linking
What kinds of cards can I use to top up?,21,supported_cards_and_currencies
Why wont the other bank take my money?? Is it not good enough?? There's sufficient funds but I keep getting denied a standard transfer. Ive tried 5 times!,15,failed_transfer
Do I have to use bank approved ATM's,2,atm_support
How long does it actually take for a card payment to go through? There's one stuck since a couple days already that doesn't seem to move,20,pending_card_payment
The ATM wouldn't let me withdraw cash.,9,declined_cash_withdrawal
I see a direct debit transaction that I didn't make.,11,direct_debit_payment_not_recognised
what are exchange rates,13,exchange_rate
What do the disposable cards do?,16,get_disposable_virtual_card
How do I link a new card?,6,card_linking
How can my new card be activated?,0,activate_my_card
I wish to use my American Express to put funds into my account.,21,supported_cards_and_currencies
How come I can't seem to verify my id?,23,unable_to_verify_identity
How is top-up verified?,25,verify_top_up
How long will it take for me to get my card?,4,card_arrival
I made a payment that's pending. Will it go through?,20,pending_card_payment
I couldn't get money from the ATM,9,declined_cash_withdrawal
Where do i find my PIN?,17,get_physical_card
"When I got cash, my exchange rate was wrong.",29,wrong_exchange_rate_for_cash_withdrawal
please help my transfer go through,15,failed_transfer
I already have a card and want to link it,6,card_linking
I'm not sure how to complete the identity checks process.,24,verify_my_identity
My card stopped working when I use it,7,card_not_working
What form of identification is accepted?,24,verify_my_identity
I tried to use my card to withdrawal money from the ATM in Notting Hill but it didn't work. This is the first time I've tried using it. Is my card working?,9,declined_cash_withdrawal
I do not have what is required to prove my identity,23,unable_to_verify_identity
what is the matter?,11,direct_debit_payment_not_recognised
I made a purchase and was charged at the wrong foreign exchange rate.,8,card_payment_wrong_exchange_rate
Please explain how I use the disposable cards?,16,get_disposable_virtual_card
I forgot my password to get into the app!,19,passcode_forgotten
Can someone please help assist me by explaining to me why my pass-code is not working?,19,passcode_forgotten
What is the age requirement?,1,age_limit
Is it possible for me to set up separate accounts for my kids?,1,age_limit
how can i top up?,22,topping_up_by_card
"Card payment is still pending, why is that the case?",20,pending_card_payment
"I have an unknown debit charge in my statement, why?",11,direct_debit_payment_not_recognised
I did not have the right exchange rate applied to my situation of pulling out cash,29,wrong_exchange_rate_for_cash_withdrawal
Why is my money gone right when I attempted to top up,22,topping_up_by_card
"I thought I lost my card so I cancelled it, but recently I found it in my jacket and I would like to re-establish the card.",6,card_linking
I withdrew $100 but only received $20,28,wrong_amount_of_cash_received
Can I have it be delivered at a certain time?,5,card_delivery_estimate
I am having problems with my physical card.,7,card_not_working
Can I use my new card?,0,activate_my_card
Is there places where I can't withdraw money?,2,atm_support
Can I have it by a certain date?,5,card_delivery_estimate
"What are the steps to activate the card, as it does not seem to work?",0,activate_my_card
The app doesn't know it's me.,23,unable_to_verify_identity
Where do I verify my identity?,24,verify_my_identity
Where do I go to get the code to verify the top up card?,25,verify_top_up
My card is gone I think it was stolen,18,lost_or_stolen_card
I bought an item then noticed the exchange rate was wrong.,8,card_payment_wrong_exchange_rate
What is the rate for exchange fees?,12,exchange_charge
Can you please tell me where my card is? I ordered it 2 weeks ago!,4,card_arrival
How long will it take to have my card mailed to me?,5,card_delivery_estimate
My account statements show a debit payment that I didn't make it's from some time ago I need to know if it is disputable.,11,direct_debit_payment_not_recognised
I have tried 5 times at this point to complete a transfer that's simply standard. What appears to be the problem? Is your system messed up?,15,failed_transfer
"Would you be able to offer me a discount, since I need to exchange currencies frequently?",12,exchange_charge
Why is there an additional fee showing on the statement I received?,14,extra_charge_on_statement
I have a disposable card but it does not work?,26,virtual_card_not_working
Why does my identity need to be verified?,27,why_verify_identity
"I recently reported my card as missing/lost, and I just found it. Can I still use it?",6,card_linking
Why was I declined when I tried to get my money?,9,declined_cash_withdrawal
Which ATM's accept my card?,2,atm_support
"My card has not been delivered yet and its been a week since I ordered it, please help",4,card_arrival
Why do you need to know so much about me,27,why_verify_identity
Which forms of currency are accepted?,21,supported_cards_and_currencies
Can you explain your exchange rate policy to me?,13,exchange_rate
"I traded some of my money from my native country into an ATM to exchange for foreign currency, and the money I received was a different equating amount!",29,wrong_exchange_rate_for_cash_withdrawal
Why has another fee been placed on my statement?,14,extra_charge_on_statement
What is the expected delivery date of my card?,4,card_arrival
Where can I find an ATM to use this card?,2,atm_support
with what can I verify my identity?,24,verify_my_identity
Where can I find my PIN?,17,get_physical_card
How do I go about verifying my identity?,24,verify_my_identity
I ordered my card a couple weeks ago and haven't received it yet. When can I expect it?,5,card_delivery_estimate
Why do I see an extra €1 charge on my statement?,14,extra_charge_on_statement
My withdrawals were going smooth until I got declined today. What is going on?,9,declined_cash_withdrawal
What do I need for the verification check?,24,verify_my_identity
When I was abroad the exchange rate for me was wrong.,29,wrong_exchange_rate_for_cash_withdrawal
What's the tracking on the card you sent?,4,card_arrival
Can you tell me what currencies I can use to add money?,21,supported_cards_and_currencies
My disposable virtual card wouldn't process my payment?,26,virtual_card_not_working
Why wouldn't the ATM give me cash?,9,declined_cash_withdrawal
How do I dispute a direct debit that I didn't do?,11,direct_debit_payment_not_recognised
What should I do if I think my card was stolen?,18,lost_or_stolen_card
The attempted transfer failed.,15,failed_transfer
I think that the exchange rate was wrong for the payment made last Saturday - I was charged extra.,8,card_payment_wrong_exchange_rate
"The transfer keeps failing , I tried to transfer some money to friends this morning but it keeps getting rejected for some reason, Would you please check the issue?",15,failed_transfer
How are the exchange rates for transfers calculated?,13,exchange_rate
Can I get my card fast tracked?,5,card_delivery_estimate
Why are there limits on auto top-up?,3,automatic_top_up
I was overcharged one extra pound!,14,extra_charge_on_statement
Can I use my card at an ATM?,2,atm_support
Where do I link the new card?,6,card_linking
"I am missing some funds from my account - I tried to transfer them using my credit card number, and it disappeared.",22,topping_up_by_card
I cannot locate the verification code for my top-up card. Please help me.,25,verify_top_up
Is there an exchange rate?,13,exchange_rate
I think there has been a mistake on my exchange rate for this purchase.,8,card_payment_wrong_exchange_rate
I refuse to verify my identity.,27,why_verify_identity
How do I make my card show up in the app?,6,card_linking
"My card payment is showing up as pending for a very long time, what's going on with that, it should be going through at some point?",20,pending_card_payment
My virtual car is not working.,26,virtual_card_not_working
"No transactions are being accepted, what's wrong with my card?",7,card_not_working
What do you use disposable cards on?,16,get_disposable_virtual_card
My exchange seems to have something wrong with it. I changed over Russian Ruble to UK pounds and it appears I was charged way more than I was supposed to be.,8,card_payment_wrong_exchange_rate
There is a direct debit payment I don't recognize.,11,direct_debit_payment_not_recognised
I can't log in,19,passcode_forgotten
What's the minimum age for opening an account?,1,age_limit
why wont my american express work to add money,21,supported_cards_and_currencies
Why did my exchange rate change?,29,wrong_exchange_rate_for_cash_withdrawal
Can I use my account although my identity verification has yet to pass?,27,why_verify_identity
I believe I got a wrong exchange rate when I got cash.,29,wrong_exchange_rate_for_cash_withdrawal
"Why did my transfer not work, it says it was declined?",10,declined_transfer
Can I activate my card?,0,activate_my_card
Why am I being charged the wrong currency exchange when I purchased something abroad?,8,card_payment_wrong_exchange_rate
I haven't received my cash yet.,28,wrong_amount_of_cash_received
Why do you need so much information about my identity?,27,why_verify_identity
Do you offer any discounts for someone who exchanges currencies frequently?,12,exchange_charge
How do I link an existing card?,6,card_linking
What does it mean when it says I have a payment pending?,20,pending_card_payment
Will my card be here soon?,5,card_delivery_estimate
What am I being charged an extra pound when I haven't bought something worth that much?,14,extra_charge_on_statement
I am seeing an extra fee on my statement what is that for?,14,extra_charge_on_statement
I would like to know why so much identity information is required?,27,why_verify_identity
I think my card is broke?,7,card_not_working
Can I have money transferred into my account at different intervals along my trip?,3,automatic_top_up
Do I need any kind of documentation for the identity check?,24,verify_my_identity
What would II do if I wanted to activate my new card,0,activate_my_card
What currencies or cards do you support for topping up?,21,supported_cards_and_currencies
I am travelling and I was wondering what your exchange rates are,13,exchange_rate
Help me verify my identity.,23,unable_to_verify_identity
Why do i have an extra fee on my statement?,14,extra_charge_on_statement
Transfer could not be completed due to being declined.,10,declined_transfer
How long does it take for a purchase to go from pending to authorised?,20,pending_card_payment
"I used to know my password, but not anymore.",19,passcode_forgotten
why did i get declined transfer,10,declined_transfer
I have a trip coming up and want to add money automatically.,3,automatic_top_up
I am unable to transfer money. I believe it is not working because it states it was declined.,10,declined_transfer
Is there a reason why my virtual card won't work?,26,virtual_card_not_working
"If you to to account, hit activate, and follow the instructions, you can activate it in just a few seconds.",0,activate_my_card
how long should i wait ti activate my card,0,activate_my_card
How soon will I get my card?,5,card_delivery_estimate
"My new card has arrived, what's the activation procedure?",0,activate_my_card
Where is the verification code display?,25,verify_top_up
Please explain how disposable virtual card work.,16,get_disposable_virtual_card
I forgot my password,19,passcode_forgotten
What is my card's PIN?,17,get_physical_card
I need a refund on a direct debit that shows in the app because I did not make it.,11,direct_debit_payment_not_recognised
"If there isn't much money left over, will it top-up automatically?",3,automatic_top_up
I've tried my card a bunch of times and it never worked.,7,card_not_working
My daughter needs an acount.,1,age_limit
Please tell me the steps to verify my identity.,24,verify_my_identity
Why did I only get $20 when I asked for $100?,28,wrong_amount_of_cash_received
"When I got my cash, the amount was not what it should have been, based on the exchange rate.",29,wrong_exchange_rate_for_cash_withdrawal
The passcode isn't working for me.,19,passcode_forgotten
I did not ask for the amount of cash that I received.,28,wrong_amount_of_cash_received
There is something wrong with my card. Tried to use it a few times today in different places and it just didn't work. The transactions I tried to make were really small so not sure what's going on,7,card_not_working
Where did this extra €1 fee on my statement come from?,14,extra_charge_on_statement
Can I make an account for my kids?,1,age_limit
My card needs to be activated.,0,activate_my_card
The app doesn't believe that I am myself,23,unable_to_verify_identity
how old do i need to be to get an account for myself,1,age_limit
Can you tell me why my transfer declined?,10,declined_transfer
I need it delivered by Saturday.,5,card_delivery_estimate
I want to set up an auto top-up,3,automatic_top_up
What do I do about a debit on my account that I didn't make?,11,direct_debit_payment_not_recognised
I tried to get $100 but I just got $20,28,wrong_amount_of_cash_received
What steps do I have to take to activate my card?,0,activate_my_card
"Why do you keep declining my transfers? It's been working well so far, but when I just tried to buy something, the card got declined. I tried it a few times, but same thing happened every try.",10,declined_transfer
I think something went wrong with my card delivery as I haven't received it yet.,4,card_arrival
"Please check my Card. As Withdrawal was working fine so far, but this morning suddenly got declined. Can you please check the problem?",9,declined_cash_withdrawal
"A few weeks ago, a strange transaction was made on my account by a seller I don't know. I am quite sure I didn't do it and will like for you to check it for me.",11,direct_debit_payment_not_recognised
Where is the tracking number for the card?,4,card_arrival
how do i get a virtual card for one time use,16,get_disposable_virtual_card
I don't want to give you all my identify details.,27,why_verify_identity
I would like to activate my card what do I need to do?,0,activate_my_card
"I want to reset my passcode, how can I do that?",19,passcode_forgotten
"In the app, where do I find my card PIN?",17,get_physical_card
My Virtual card was rejected for a car rental. Why?,26,virtual_card_not_working
Let me know what the steps for the identity checks are,24,verify_my_identity
There is a direct debit that's not mine.,11,direct_debit_payment_not_recognised
"Hello. I ran into a problem with a transfer this morning. I was trying to send money to some friends but when I tried to send it, the transfer failed. I don't know what is causing the transfer to be rejected. Please let me know what is causing the problem. Thanks.",15,failed_transfer
When will my card be delivered?,5,card_delivery_estimate
I was expecting my new card and am wondering why I haven't received it yet?,4,card_arrival
My disposable card seems not to be working am I doing something wrong?,26,virtual_card_not_working
Why do you need me to do an identity check?,27,why_verify_identity
I think my card is lost. What do I do?,18,lost_or_stolen_card
My card seems to not be working at all.,7,card_not_working
What are the acceptable currencies for adding funds?,21,supported_cards_and_currencies
My password isn't being accepted and I need to reset it.,19,passcode_forgotten
The card got declined twice when I tried to use it to buy something online yesterday.,10,declined_transfer
I didn't receive the correct exchange rate for an item that I bought.,8,card_payment_wrong_exchange_rate
How old can one use your service?,1,age_limit
I seem to of forgotten my passcode.,19,passcode_forgotten
How do I get refills to my card when I'm traveling?,3,automatic_top_up
I found the card I thought I lost this morning. Can I reactivate this card?,6,card_linking
What systems do you have in place for my security when using my card for everyday purchases?,16,get_disposable_virtual_card
"The transfer keeps failing , I tried to transfer some money to friends this morning but it keeps getting rejected for some reason, Would you please check the issue ?",15,failed_transfer
Why was I declined getting cash?,9,declined_cash_withdrawal
Why am I having trouble verifying my id?,23,unable_to_verify_identity
Got only $20 when I tried to withdraw $100.,28,wrong_amount_of_cash_received
did not receive correct cash upon withdrawal,28,wrong_amount_of_cash_received
I have a problem with my account. I tried to transfer some funds and the message came back declined. Can you help me?,10,declined_transfer
Problem verifying my account,23,unable_to_verify_identity
When the time is right will this automatically replenish my balance?,3,automatic_top_up
Can I exchange money from abroad without additional costs?,12,exchange_charge
What would be the reason there's an extra fee on my statement?,14,extra_charge_on_statement
How do I know if i need a disposable card?,16,get_disposable_virtual_card
why was i charged a small amount,14,extra_charge_on_statement
I have tried to use my card several times and it does not work.,7,card_not_working
how long does delivery take?,5,card_delivery_estimate
"I signed up, but don't have a PIN. Where can I find it?",17,get_physical_card
How long should I expect for the card to arrive?,5,card_delivery_estimate
Can you tell me the status of my new card?,18,lost_or_stolen_card
The amount of cash I received was different than what I requested.,28,wrong_amount_of_cash_received
Can you lookup my password?,19,passcode_forgotten
Why has my card been charged an extra pound?,14,extra_charge_on_statement
Is there any way for you to find my card?,18,lost_or_stolen_card
I attempted to get cash but was declined.,9,declined_cash_withdrawal
which identity details are required,27,why_verify_identity
There is a potentially fraudulent direct debit on my account.,11,direct_debit_payment_not_recognised
The app doesn't recognize me.,23,unable_to_verify_identity
Where's the verification code for the top-up card?,25,verify_top_up
"I have waited 15 days, but my payment still hasn't cleared.",20,pending_card_payment
What type of ATMs accept this card?,2,atm_support
My transfer has been declined and I know it should have went through.,10,declined_transfer
Why does my transfer keep failing? I've tried 5 times and they all failed.,15,failed_transfer
How do I find my PIN number?,17,get_physical_card
Can I use my account if the identity verification is not complete?,27,why_verify_identity
I have lost my card! What is my next step?,18,lost_or_stolen_card
What are age requirements for opening an account?,1,age_limit
I am being charged the wrong amount on my card.,8,card_payment_wrong_exchange_rate
i cannot get virtual card to work,26,virtual_card_not_working
What has to be done to verify my identity?,24,verify_my_identity
"I want to reactivate my card, I thought I had lost it but found it again in my jacket this morning.",6,card_linking
What can I do about a direct debit transaction on my card that I didn't make?,11,direct_debit_payment_not_recognised
What can you use the disposable cards for?,16,get_disposable_virtual_card
How do my friends top up my account,22,topping_up_by_card
I've been charged an extra £1 and I don't know what it's for,14,extra_charge_on_statement
Will the system automatically top up itself?,3,automatic_top_up
Unknown direct deposit,11,direct_debit_payment_not_recognised
Can this card be used at all ATMs?,2,atm_support
How will I receive my PIN?,17,get_physical_card
"It says that my payment is pending, what does that mean?",20,pending_card_payment
"I live in the US, how long will it take for delivery?",5,card_delivery_estimate
My transfer did not go through.,15,failed_transfer
Are there virtual disposable cards?,16,get_disposable_virtual_card
I tried to purchase airline tickets online this morning and my card information isn't working. Is there something going on with my account?,7,card_not_working
Can I pay more to get it deliver quicker?,5,card_delivery_estimate
Are there any discounts for frequent currency exchanges?,12,exchange_charge
Do you offer a discount for those who perform frequent currency exchanges?,12,exchange_charge
"If I want to add funds to the account using American Express, how do I do that?",21,supported_cards_and_currencies
Does the fee for exchange change?,8,card_payment_wrong_exchange_rate
I asked for $100 cash but only got $20?,28,wrong_amount_of_cash_received
Why would I have a pending payment?,20,pending_card_payment
"Hey, I'm buying a flat and I need my mortgage to go though. However, every time I check I get an error message. Is there any way you can help me with this transfer.",15,failed_transfer
Are there any limit on the auto top-up?,3,automatic_top_up
I purchased an item and the exchange rate was wrong,8,card_payment_wrong_exchange_rate
Why was my cash withdrawal declined?,9,declined_cash_withdrawal
The wrong rate was applied to an item I bought in a currency different from mine. Can this be changed?,8,card_payment_wrong_exchange_rate
Why is there a verification to identity,27,why_verify_identity
When can I expect to receive my card?,5,card_delivery_estimate
How can I top up my card with another card?,21,supported_cards_and_currencies
How would you use a disposable card?,16,get_disposable_virtual_card
What are the requirements to verify my identity?,24,verify_my_identity
I have no idea why but my transfers keep getting declined. I have double checked all the recipient details several times already and they're definitely correct.,10,declined_transfer
They used the wrong rate when I made a purchase with foreign currency.,8,card_payment_wrong_exchange_rate
Is there a verification code for the top-up card?,25,verify_top_up
Do you have any limit on the auto top-up?,3,automatic_top_up
"If I found an error in my account for a transaction I didn't make, how long to I have to dispute it?",11,direct_debit_payment_not_recognised
I want to link my new card. Can you help?,6,card_linking
Are there limits on auto top-up?,3,automatic_top_up
Will the PIN come separately?,17,get_physical_card
Are my friends able to add funds to my account?,22,topping_up_by_card
Tell me why I need top-up to be verified?,25,verify_top_up
Why is there a fee added to my statement?,14,extra_charge_on_statement
Is there a way to reset the passcode?,19,passcode_forgotten
Why won't the ATM let me withdraw money?,9,declined_cash_withdrawal
"I tried topping off my account with a card, but the money is not in my account despite the charge going through",22,topping_up_by_card
I was issued a new card a week ago but still haven't received it. How long will it be until I receive it?,4,card_arrival
why have i not got my new card?,4,card_arrival
How can I track my card's delivery?,4,card_arrival
I cannot see the card PIN anywhere?,17,get_physical_card
Can I use app to reset PIN attempts?,7,card_not_working
Do you have any age limit?,1,age_limit
Do I get any sort of discount on volume for a lot fo currency exchanges?,12,exchange_charge
"There is an extra $1 charge on my statement, why is that?",14,extra_charge_on_statement
I really need some help to understand why my transfer keeps failing. I'm trying to send money to a friend. Please help.,15,failed_transfer
I forgot the passcode on my app.,19,passcode_forgotten
How many days does a regular transaction take to complete? I see a pending payment that hasn't changed in the last several days.,20,pending_card_payment
Tell me how to go about activating my new card?,0,activate_my_card
i need to know about exchange rates,13,exchange_rate
What do I need to do to request cash back? The ATM actually just gave me the wrong amount. The app I actually chose the right amount.,28,wrong_amount_of_cash_received
My money I had was gone and I could not get gas!,22,topping_up_by_card
How and where can I find the identity checks?,24,verify_my_identity
I think I forgot my passcode,19,passcode_forgotten
What do I do if my card was stolen.,18,lost_or_stolen_card
I think that my card has been stolen!,18,lost_or_stolen_card
I dont have identification,23,unable_to_verify_identity
"When I attempted to make a transfer, it failed.",15,failed_transfer
Says my transfer can't be completed?,15,failed_transfer
I made a currency exchange and think I was charged more than I should of been.,8,card_payment_wrong_exchange_rate
Why are my payments not working and show pending?,20,pending_card_payment
The ATM machines keep declining my card and I don't know why. I thought I had money in my account. Why is this happening?,9,declined_cash_withdrawal
I tried activating my plug-in and it didn't piece of work,0,activate_my_card
Where should I withdraw money from?,2,atm_support
My recent transfer didn't go through - why not?,10,declined_transfer
Why haven't I gotten my new card?,4,card_arrival
Would I be charged for exchanging currencies?,12,exchange_charge
Can I dispute a debit payment that I am seeing that I didn't make from a couple of months ago?,11,direct_debit_payment_not_recognised
I need help making this transfer. I keep getting an error. I'm trying to purchase a flat but i need my mortgage payment to go through first. Can you help?,15,failed_transfer
I am not comfortable verifying my indentity.,27,why_verify_identity
Can you explain the disposable cards to me?,16,get_disposable_virtual_card
I am having trouble to verify my identity,23,unable_to_verify_identity
"Hello. My credit keeps being declined, last night and again today, as I try to buy something. What is the status of my card?",10,declined_transfer
Why won't the machine accept my card anymore?,7,card_not_working
"If I only have 1 other US card, can you take it?",21,supported_cards_and_currencies
I need to know where I can withdraw money.,2,atm_support
What is this random charge of one pound doing on my account?,14,extra_charge_on_statement
I lost the code and can not get into the app. Help!,19,passcode_forgotten
"I am having trouble doing a transfer. A ""Decline "" message appears after making the transfer.",10,declined_transfer
I cannot use my disposable virtual card.,26,virtual_card_not_working
I think someone stole my card because I can't find it.,18,lost_or_stolen_card
How low does the balance have to be before the system updates?,3,automatic_top_up
Activating my card,0,activate_my_card
"I purchased something abroad, and the exchange rate that was applied was wrong.",8,card_payment_wrong_exchange_rate
"I only have one more US credit card, is it accepted?",21,supported_cards_and_currencies
I tried to make a transfer like five different times. Why won't your system let me? Is it broke?,15,failed_transfer
I would like to get help from someone in your customer service department with assisting me with activating my card.,0,activate_my_card
I have a pending payment in my account that I paid a while back ago and it still hasnt gone through. Why would it show pending for so long?,20,pending_card_payment
I want to activate my new card.,0,activate_my_card
Can you tell me about these disposable virtual cards?,16,get_disposable_virtual_card
Why is the payment I made still pending?,20,pending_card_payment
How do I know which ATMs will accept this card?,2,atm_support
"Suddenly, my card won't work.",7,card_not_working
I think there has been a mistake with my transfer,10,declined_transfer
I have got out the wrong amount from an ATM. Please tell me the process to get the cash back as in app its showing the amount i have been actually received.,28,wrong_amount_of_cash_received
The ATM keeps declining my card! I tried two different ATMs already can you please check if everything is alright with my account??,9,declined_cash_withdrawal
How do I activate a card?,0,activate_my_card
Where does the exchange rate stand right now?,13,exchange_rate
Show me please how to reset my passcode.,19,passcode_forgotten
I took out cash abroad and the exchange rate isn't correct.,29,wrong_exchange_rate_for_cash_withdrawal
Where can I find the top up verification code?,25,verify_top_up
I believe my exchange rate is incorrect,29,wrong_exchange_rate_for_cash_withdrawal
How quickly can you get me my card?,5,card_delivery_estimate
I withdrew cash abroad and the exchange rate applied is wrong.,29,wrong_exchange_rate_for_cash_withdrawal
The ATM only gave me 10 pounds when I withdrew 30. What do I do?,28,wrong_amount_of_cash_received
Is there a way I can check on the card on route to me?,4,card_arrival
What happens if the ATM doesn't give the right amount of money?,28,wrong_amount_of_cash_received
I have no way to prove my identity.,23,unable_to_verify_identity
Why did you charge me more for my purchase? It was a foreign currency and you didn't offer market rate,8,card_payment_wrong_exchange_rate
how do I get a disposable virtual card?,16,get_disposable_virtual_card
I don't know what pending transaction means.,20,pending_card_payment
The fee charged when I changed rubles into British pounds was too much.,8,card_payment_wrong_exchange_rate
Why would you cancel my transfer?,10,declined_transfer
You sent me a card and now I want to link it.,6,card_linking
How long will I have to wait for my new card?,5,card_delivery_estimate
Can I electronically transfer funds into my account from my American Express?,21,supported_cards_and_currencies
What are these disposable cards meant for?,16,get_disposable_virtual_card
The app is showing a direct debit transaction that I did not perform,11,direct_debit_payment_not_recognised
How are the exchange rates determined?,13,exchange_rate
The cash I asked for still hasn't been received,28,wrong_amount_of_cash_received
Can you tell me what the disposable cards are used for?,16,get_disposable_virtual_card
what is the process for setting up a pin,17,get_physical_card
I tried to make a transfer but it failed. will you tell me why?,15,failed_transfer
A direct debit appears in the app but I didn't authorize it.,11,direct_debit_payment_not_recognised
I don't know what this Direct Debit payment on my account is for.,11,direct_debit_payment_not_recognised
There's an error with the rate that is charged.,8,card_payment_wrong_exchange_rate
I have not been able to use this card.,7,card_not_working
What things do I need to verify my identity?,24,verify_my_identity
Please check and let me know why my transfers are getting declined.,10,declined_transfer
"You will hear back from us about your verification results in 10 minutes to a one hour timeframe. If these verification results do fail, please double-check to make sure your images are clear and have no glare or blur; your photos need to be fully readable. You need to be 18 years of age or older and a resident of Switzerland or the European Economic Area to create an account.",23,unable_to_verify_identity
"Am I able to look back at a transaction to see who with drawled some money from my account? I don't remember authorizing this a few weeks ago, but wanted to double check who took the money.",11,direct_debit_payment_not_recognised
Is it simple to transfer money using my credit card?,22,topping_up_by_card
I would like to know more about what a disposable virtual card is?,16,get_disposable_virtual_card
What is the tracking number for the card you sent?,4,card_arrival
I paid for something in foreign currency but noticed the exchange rate is incorrect.,8,card_payment_wrong_exchange_rate
The ATM is declining my card. I tried at two different ATMs. Can you tell me if there's anything wrong with my account?,9,declined_cash_withdrawal
why do i need to verify the top up?,25,verify_top_up
Why did the ATM give me less money than what I requested?,28,wrong_amount_of_cash_received
Can you please check the exchange rate when I was getting cash?,29,wrong_exchange_rate_for_cash_withdrawal
Can I re-link a lost card with the app?,6,card_linking
I did a card payment but its status is still coming as pending. Please check and inform when it would complete.,20,pending_card_payment
The ATM keeps declining my Transaction . I tried two different ATMs already can you please check if everything is okay with my account?,9,declined_cash_withdrawal
Are currency exchanges free?,12,exchange_charge
I was charged on my account that shouldn't be there.,11,direct_debit_payment_not_recognised
How much more do I have to pay to exchange currencies?,12,exchange_charge
I purchased something abroad but the exchange rate is incorrect.,8,card_payment_wrong_exchange_rate
I think that the exchange rate for the withdrawal of my cash is not right.,29,wrong_exchange_rate_for_cash_withdrawal
What cards do you support,21,supported_cards_and_currencies
can you assist me with the auto top up ?,3,automatic_top_up
The app doesn't believe that I am me,23,unable_to_verify_identity
Why won't my passcode work?,19,passcode_forgotten
From where can I withdraw?,2,atm_support
I'm interested in what your exchange rates are based on.,13,exchange_rate
Help me. My card doesn't work.,7,card_not_working
Which ATMs accept Mastercard?,2,atm_support
Exchange rate on a purchase was incorrect,8,card_payment_wrong_exchange_rate
What are the current exchange rates?,13,exchange_rate
I don't think my transfer wen through. Why?,15,failed_transfer
I am having trouble withdrawing cash.,9,declined_cash_withdrawal
Do you have the best exchange rate?,13,exchange_rate
How is the top-up card verified?,25,verify_top_up
My transfers are being declined. IT has always worked for me but now it's declining my card. I've tried several times.,10,declined_transfer
Why can I not get cash from the ATM?,9,declined_cash_withdrawal
My payment has an incorrect exchange rate.,8,card_payment_wrong_exchange_rate
I think I lost my card . I dont know how long it has been missing. Can you see if maybe someone else has been using it?,18,lost_or_stolen_card
Can I get a disposable virtual card?,16,get_disposable_virtual_card
Why hasn't my card been delivered?,4,card_arrival
There is a direct debit transaction on my statement that I think is not mine. How do I remove?,11,direct_debit_payment_not_recognised
I'm still waiting on my new card to be delivered!,4,card_arrival
I checked my statement and am being charged one pound. Where did this charge come from?,14,extra_charge_on_statement
"I attempted a transfer, but it failed.",15,failed_transfer
show me how to top up,22,topping_up_by_card
Why was my withdrawal requested cancelled by the ATM?,9,declined_cash_withdrawal
Why was I not able to take cash from the ATM?,9,declined_cash_withdrawal
Do yo charge a fee for exchanging foreign currencies?,12,exchange_charge
What's up with verifying top-ups?,25,verify_top_up
My transfer failed when I tried.,15,failed_transfer
What is the age limit?,1,age_limit
"Disaster, I've totally forgotten my passcode, can you help me?",19,passcode_forgotten
how do the cards work?,16,get_disposable_virtual_card
Report stolen card,18,lost_or_stolen_card
Is it possible to transfer money to my credit card?,22,topping_up_by_card
My card doesn't work when I use it.,7,card_not_working
My currency rate is inaccurate.,8,card_payment_wrong_exchange_rate
Why are there so many fees on my statement?,14,extra_charge_on_statement
"I would like to top up via credit card, which credit cards do you support?",21,supported_cards_and_currencies
Can the exchange rate change while I am in the process of making a withdrawal?,29,wrong_exchange_rate_for_cash_withdrawal
I cannot locate the card PIN.,17,get_physical_card
"Hi, I'm trying to purchase a flat and I'm needing the first payment for the mortgage to go through on the flat I'm trying to buy. For some reason I keep getting an error.can you assist in making this transfer? What is going on?",15,failed_transfer
I got billed an extra pound!,14,extra_charge_on_statement
I have withdrawn cash from ATM but i received the wrong amount. I want cash back as in app its showing actual amount which i got. Please help me in this.,28,wrong_amount_of_cash_received
How old do we have to be?,1,age_limit
I can't enter my passcode.,19,passcode_forgotten
Can I open an account for a child?,1,age_limit
What is this extra €1 fee about?,14,extra_charge_on_statement
The rate applied to my purchase in a foreign currency was wrong.,8,card_payment_wrong_exchange_rate
The activation process for my card isn't working.,0,activate_my_card
"To deliver to the US, how long will it take?",5,card_delivery_estimate
I got a message that I need to verify my identity; what do I do?,24,verify_my_identity
Is there an additional charge to exchange currencies?,12,exchange_charge
Why won't cash come out of the ATM?,9,declined_cash_withdrawal
"Hey I am standing in front of an ATM here, it only gave me 10 pounds even though I wanted to withdraw 30! Seems like the app has 30 pounds, what do I do??",28,wrong_amount_of_cash_received
Why is my ATM cash withdrawal not working?,9,declined_cash_withdrawal
"After I got my cash, I found out my exchange rate was wrong.",29,wrong_exchange_rate_for_cash_withdrawal
The exchange rate is incorrect for my cash withdrawal transaction.,29,wrong_exchange_rate_for_cash_withdrawal
I don't know what this Direct Debit payment is.,11,direct_debit_payment_not_recognised
I tried activating my card and it doesn't work how do I solve this problem?,0,activate_my_card
"If I'm getting my identity verified, what all do I need?",24,verify_my_identity
How do I start auto top up?,3,automatic_top_up
"I asked for $40 and I only received $20, what happened?",28,wrong_amount_of_cash_received
Will you accept my credit card?,21,supported_cards_and_currencies
The amount of cash I received did not match the amount I requested,28,wrong_amount_of_cash_received
My transfer was not approved,10,declined_transfer
How can my new card be renewed?,0,activate_my_card
"I'm going on a trip soon and I needed to convert my Russian ruble to UK pounds, but when I did, your company charged me above the exchange rate. Did you mess up my transaction?",8,card_payment_wrong_exchange_rate
Can i top up by card?,22,topping_up_by_card
Need a new passcode.,19,passcode_forgotten
Why do the top-ups need to be verified?,25,verify_top_up
Do I have to do the identity check?,27,why_verify_identity
How to a go about ordering a disposable virtual card?,16,get_disposable_virtual_card
How does my identity get verified?,24,verify_my_identity
I'm having problems making a transfer to another account. I keep getting a declined message. I know that the information I'm putting in is accurate because I have checked it more than once.,10,declined_transfer
I can't find the top-up verification code.,25,verify_top_up
Do you accept any card and currency?,21,supported_cards_and_currencies
I haven't gotten my credit card in the mail.,4,card_arrival
I'm on holiday and I noticed a different amount for exchange rate. Can you explain?,8,card_payment_wrong_exchange_rate
Is there an automatic top up feature?,3,automatic_top_up
Where is my new card if I haven't received it yet?,4,card_arrival
What is the verification code on a top-up?,25,verify_top_up
"I cannot remember my passcode, is there a way to retrieve it?",19,passcode_forgotten
Do I need to set a limit on auto top-up?,3,automatic_top_up
"Transfer was declined, could not complete request.",10,declined_transfer
The card I've got seems to be broken.,7,card_not_working
Does auto top-up have a limit?,3,automatic_top_up
Can we skip verifying?,27,why_verify_identity
Can I put my old card back into the system? I just found it/,6,card_linking
My card is lost! What do I do now?,18,lost_or_stolen_card
why verify the top up? it doesnt make sense,25,verify_top_up
I was just giving the wrong amount by the ATM. How do I request cash back at this point? The app is showing the amount that I actually requested even though that's not what I got.,28,wrong_amount_of_cash_received
How can I request cash back? The ATM gave me the wrong amount that I've been charged though...,28,wrong_amount_of_cash_received
How can I find the nearest ATM?,2,atm_support
"Hey, I have my card, how do I get it to show in the app?",6,card_linking
Where do I find the verification code for the card I'm topping up?,25,verify_top_up
My card payment has been pending for a long time now. Why is it taking so long to take. It should have already made it through.,20,pending_card_payment
I don't know my password anymore.,19,passcode_forgotten
How long does it take to authorise a payment?,20,pending_card_payment
Why can't I make a transfer?,15,failed_transfer
When will I receive my card?,5,card_delivery_estimate
I didn't receive the amount of cash I requested for the ATM.,28,wrong_amount_of_cash_received
"I was checking the app for my account and I noticed there is an authorized charge on it. I haven't used my card today, so I know I didn't do it. I would like the transaction reversed and the money replaced.",11,direct_debit_payment_not_recognised
"Since my id hasn't been verified, when can I use my account?",27,why_verify_identity
Why was my withdrawal declined,9,declined_cash_withdrawal
Where can I find my card PIN?,17,get_physical_card
How do I unblock my card using the app?,7,card_not_working
There are automatic debits on my account that I did not make.,11,direct_debit_payment_not_recognised
How do I use disposable cards?,16,get_disposable_virtual_card
There was a direct debit transaction I have don't think should be there.,11,direct_debit_payment_not_recognised
I want to use a payment card to top up my account. How can I do this?,21,supported_cards_and_currencies
Is there a trick to get the disposable virtual card to work?,26,virtual_card_not_working
Why am I not able to withdraw cash from this ATM?,9,declined_cash_withdrawal
Where do I scan my card?,6,card_linking
How do I know when my card will arrive?,4,card_arrival
Why can't I withdraw money?,9,declined_cash_withdrawal
I want to skip verification of my identity.,27,why_verify_identity
My card don't work.,7,card_not_working
"$1 extra has been charged on my statement, why is that?",14,extra_charge_on_statement
"The wrong amount of cash came out of the ATM today when I went to withdraw. When I looked at the app, it was showing it was much more.",28,wrong_amount_of_cash_received
My transfer didn't work,15,failed_transfer
How can I use my credit card to transfer money?,22,topping_up_by_card
Why is the ATM not allowing me to get cash?,9,declined_cash_withdrawal
An incorrect exchange rate was applied to an item I bought.,8,card_payment_wrong_exchange_rate
Why wont the ATM give me cash?,9,declined_cash_withdrawal
Is it possible to verify a top up?,25,verify_top_up
Why do you need verification for my identity?,27,why_verify_identity
About this card PIN?,17,get_physical_card
Can you tell me why my transfer is failing and help resolve?,15,failed_transfer
What is the top up code for?,25,verify_top_up
"How do I know if I will get my card, or if it is lost?",4,card_arrival
Do you accept other currencies besides US Dollars?,21,supported_cards_and_currencies
I just have one additional card from the USA. Do you support that?,21,supported_cards_and_currencies
Is there any way to see my card in the app?,6,card_linking
What would cause a transfer failure?,15,failed_transfer
Why didn't this transfer work?,15,failed_transfer
My statement shows a strange direct debit.,11,direct_debit_payment_not_recognised
I received my new card. Where is it in the app?,6,card_linking
Explain the card PIN to me.,17,get_physical_card
The ATM didn't give me what I asked for but my balance says it did,28,wrong_amount_of_cash_received
I would like to reactivate a card and wondered if that could be done?,6,card_linking
It appears I have a fee in my statement.,14,extra_charge_on_statement
I was given the wrong exchange rate when getting cash,29,wrong_exchange_rate_for_cash_withdrawal
Why wouldn't the ATM give me my money?,9,declined_cash_withdrawal
How do I reactivate my card?,6,card_linking
Does the top-up need verified?,25,verify_top_up
Can you tell me what I need for identity validation?,24,verify_my_identity
Where is the card PIN located?,17,get_physical_card
Why isn't my top up showing on my wallet?,22,topping_up_by_card
How long until my card is delivered?,5,card_delivery_estimate
What is the foreign exchange rate you will apply?,13,exchange_rate
Which cards and currencies are supported?,21,supported_cards_and_currencies
Is there a specific source that the exchange rate for the transfer I'm planning on making is pulled from?,13,exchange_rate
Why was my exchange rate a different amount than usual?,8,card_payment_wrong_exchange_rate
Tell me what the steps for the identity checks are,24,verify_my_identity
What is the longest that a payment will show pending? There is one showing that has been sitting there a few days.,20,pending_card_payment
"I checked my statement and saw a charge of one pound, where is this charge coming from?",14,extra_charge_on_statement
What is the cost for currency exchanges?,12,exchange_charge
What do I do to activate?,0,activate_my_card
Is there a reason why my card was declined when I attempted to withdraw money?,9,declined_cash_withdrawal
virtual card is not working for me,26,virtual_card_not_working
Is auto top up a provided service?,3,automatic_top_up
I selected to withdrawal 30 pounds but only received 10. I'm still standing in front of the ATM. The app shows i took out 30 pounds also. How do i fix this?,28,wrong_amount_of_cash_received
"I know this very late, but I just went through my statements from the last couple months and there's one quite large-ish payment that I definitely haven't made. Is it still possible to dispute it?",11,direct_debit_payment_not_recognised
Will there be a cost if I exchange currency?,12,exchange_charge
I don't have a PIN at this point.,17,get_physical_card
How can I add a new card?,6,card_linking
My purchase used the wrong exchange rate,8,card_payment_wrong_exchange_rate
"It's been two weeks and I haven't gotten my card, what do I do?",4,card_arrival
I cannot activate my card.,0,activate_my_card
Hold old do my kids have to be to use the service?,1,age_limit
How long does it take to verify a person's identity?,23,unable_to_verify_identity
What is the age to open an account?,1,age_limit
I would like to link my card to my account.,6,card_linking
I had a dollar charged to my account that's still pending and wanted to know what the charge is for?,14,extra_charge_on_statement
Where are the Mastercard ATMs?,2,atm_support
"I would like an account for my children, how do I go about doing this?",1,age_limit
Where is my card?,4,card_arrival
Why was one of my transfers declined?,10,declined_transfer
I tried pulling out money at the ATM and it gave me an incorrect amount back.,28,wrong_amount_of_cash_received
My card hasn't shown up yet.,4,card_arrival
Can I choose the day it's delivered?,5,card_delivery_estimate
Can I top-up automatically?,3,automatic_top_up
Can I use my card in another institutions ATM?,2,atm_support
There is an extra small charge on my card! What do I do?,14,extra_charge_on_statement
How can I find out why my transfer didn't go through?,15,failed_transfer
Do I need to verify my identity to use my account?,27,why_verify_identity
I got cash abroad and the exchange rate applied is wrong,29,wrong_exchange_rate_for_cash_withdrawal
what is the age limit for opening a new account,1,age_limit
if i found a lost card can i put it back in app,6,card_linking
"I didn't get as much cash as I asked for from the ATM, why?",28,wrong_amount_of_cash_received
My account shows I made a debit payment to someone that I can't recall and would like to find out who the payment was made to.,11,direct_debit_payment_not_recognised
Card activation steps,0,activate_my_card
Why am I required to do an identity check?,27,why_verify_identity
I believe you charged me too much to exchange my money,8,card_payment_wrong_exchange_rate
Why can't I verify my id?,23,unable_to_verify_identity
My card payment had the wrong exchange rate,8,card_payment_wrong_exchange_rate
I think I am having an issue with withdraws on my card. It was declined on the way to work this morning. This hasn't happened in the past.,9,declined_cash_withdrawal
what currencies can i use to add money to my account,21,supported_cards_and_currencies
"Hi, I'm buying a flat and I'm trying to get my mortgage to go though. Every time I check I simply get an error message. Is there any way you can help me get this money transferred over. Thanks!",15,failed_transfer
Is it possible to dispute a debit payment from a couple of months ago.,11,direct_debit_payment_not_recognised
Been trying to transfer money this morning but keep getting rejected. I don't understand why this is happening.,15,failed_transfer
What is the minimum age limit?,1,age_limit
What do I do if the machine rejects my card?,7,card_not_working
I'm looking for a machine of yours that will provide me cash from my home country. I went on holiday and don't have any cash on me. Will your machine charge me extra to do this?,29,wrong_exchange_rate_for_cash_withdrawal
"I did a payment with my card but seem that didn't work, it's still listed as pending since a while ago. When does this actually go through?",20,pending_card_payment
I bought some things in the morning but the payment shows as pending,20,pending_card_payment
There was a direct debit I don't recognize.,11,direct_debit_payment_not_recognised
what steps do you take to check identity,24,verify_my_identity
Why did I get declined during a transfer?,10,declined_transfer
Why am I required to verify my identity?,27,why_verify_identity
Why aren't my payment funds available to me?,20,pending_card_payment
I placed my order a week ago. Is it ok that my card isn't here yet?,5,card_delivery_estimate
I need help with activating my card,0,activate_my_card
Are US credit cards accepted?,21,supported_cards_and_currencies
What is the youngest age in order to have an account?,1,age_limit
"I need to deposit my virtual card, how do i do that.",16,get_disposable_virtual_card
How long will it take my card to get here?,5,card_delivery_estimate
Can you tell me the foreign exchange rate?,13,exchange_rate
What are your currency exchange fees?,12,exchange_charge
Why is the payment from my card still pending?,20,pending_card_payment
Why did my transfer not work?,15,failed_transfer
Help me activate my card.,0,activate_my_card
Will I get charged on a foreign currencies exchange?,12,exchange_charge
I have another card from the U.S. Will you be able to accept that one?,21,supported_cards_and_currencies
ATM only gave me $20 instead of $100,28,wrong_amount_of_cash_received
Why is my card payment showing as pending?,20,pending_card_payment
Is American Express supported for adding money into my account?,21,supported_cards_and_currencies
What ATMs can I withdraw money from?,2,atm_support
Why are the things I bought earlier today still showing as pending?,20,pending_card_payment
i do not know what this charge is for,11,direct_debit_payment_not_recognised
"Help me! When I was abroad, the exchange rate was wrong.",29,wrong_exchange_rate_for_cash_withdrawal
Can a friend top up my account,22,topping_up_by_card
I want to top up by card,22,topping_up_by_card
Please tell me how I verify my identity.,24,verify_my_identity
Where can I find an ATM?,2,atm_support
My card has not come in the mail yet.,4,card_arrival
What is the verification process used for?,25,verify_top_up
"To add money to my account, what currencies can I use?",21,supported_cards_and_currencies
Why did they charge me an extra $1?,14,extra_charge_on_statement
I tried activating my bill of fare and it didn't workplace,0,activate_my_card
Why is there an extra 1 pound charge on my card?,14,extra_charge_on_statement
What do I need to do to activate my card?,0,activate_my_card
can i get a virtual card online,16,get_disposable_virtual_card
I don't know the code for the app.,19,passcode_forgotten
What is accepted in regards to cards and currencies?,21,supported_cards_and_currencies
"I initiated a payment a while ago and it is still showing as ""pending"", how long will it take to clear?",20,pending_card_payment
I can't use my card because it is not working.,7,card_not_working
There is a transaction for $1 and I don't know why it was charged.,14,extra_charge_on_statement
what is this charge on my account,11,direct_debit_payment_not_recognised
"Last Saturday, I made a payment and the exchange rate was wrong. I was charged too much.",8,card_payment_wrong_exchange_rate
"If the ATM only gave me 10 pounds instead of the 30 I requested, what do I do?",28,wrong_amount_of_cash_received
How do I fix a broken card?,7,card_not_working
I didn't get the all the cash i wanted from the atm,28,wrong_amount_of_cash_received
I didn't receive the correct amount of cash,28,wrong_amount_of_cash_received
My cash withdrawal charged me the wrong exchange rate,29,wrong_exchange_rate_for_cash_withdrawal
Are there specific ATM's that I can draw money from?,2,atm_support
Why is there a €1 charge on my statement?,14,extra_charge_on_statement
"Hi, status of one of my card payment is still pending from a while. Please let e know how much time it will take to complete.",20,pending_card_payment
I have a pending payment from stuff I bought this morning.,20,pending_card_payment
I am having trouble finding the top-up card verification code.,25,verify_top_up
Something's wrong my card won't work.,7,card_not_working
I just got $20 when I tried to get $100,28,wrong_amount_of_cash_received
Why did my my transfer get declined?,10,declined_transfer
How do I use a disposable virtual card?,16,get_disposable_virtual_card
what is the exchange rate?,13,exchange_rate
will you be able to activate my card,0,activate_my_card
Can other people top up my account?,22,topping_up_by_card
I exchange my currency quite a bit. Do I get an exchange price break?,12,exchange_charge
Why has my new card still not come?,4,card_arrival
How will I get my card?,5,card_delivery_estimate
What is the age limit for an account?,1,age_limit
Why was I charged extra on my last UK pound to Russian ruble exchange?,8,card_payment_wrong_exchange_rate
How do I top up my card using your app? I'm new to this.,22,topping_up_by_card
Can you tell me where I can withdraw money?,2,atm_support
Where do I find the auto top up option?,3,automatic_top_up
I am having a problem proving who I am,23,unable_to_verify_identity
Why is there an extra fee charged?,14,extra_charge_on_statement
Help me. There is a Direct Debit that I didn't make.,11,direct_debit_payment_not_recognised
How many digits identify the top-up verification code?,25,verify_top_up
"I'm pretty frustrated about a pound charge that keeps showing up in my account statement. It's listed in the app as ""pending"", it never changes, and now I'm thinking someone's hacked my account!",14,extra_charge_on_statement
I want to start using my card.,0,activate_my_card
My disposable virtual card has been rejected by the merchant earlier today. What should I do?,26,virtual_card_not_working
I would like to dispute a direct debit transaction,11,direct_debit_payment_not_recognised
Is there any way to verify who I am?,24,verify_my_identity
How do I add my new card to the app?,6,card_linking
I want to make an online purchase but I don't want to use my credit card. Can you tell me how a disposable virtual card works and where I can apply for one?,16,get_disposable_virtual_card
How much extra will I be charged for exchanging foreign currency?,12,exchange_charge
When should I expect to receive my card?,5,card_delivery_estimate
Can I order a disposable virtual card?,16,get_disposable_virtual_card
"When I tried to access my cash, I wasn't allowed!",9,declined_cash_withdrawal
I need help with a lost card,18,lost_or_stolen_card
How do I find my card PIN?,17,get_physical_card
What ATMs use this card?,2,atm_support
I was only given $20 after trying to withdraw $100,28,wrong_amount_of_cash_received
How long does it take for a payment to change from pending?,20,pending_card_payment
My card wont work at an ATM,9,declined_cash_withdrawal
Send me my card now! ASAP,5,card_delivery_estimate
I was using a foreign currecy to make a payment and the applied the wrong rate.,8,card_payment_wrong_exchange_rate
I tried to buy something online yesterday but it kept saying declined. Tried again today but same thing happened. What's wrong?,10,declined_transfer
how can i get it to add money automatically while travelling,3,automatic_top_up
Can you tell me how long it takes for a new card to come?,5,card_delivery_estimate
Exchange rate for my card payment is wrong,8,card_payment_wrong_exchange_rate
What are acceptable documents to prove my identity?,24,verify_my_identity
There is an odd 1£ charge that appears as pending on my statement. What's the reason for that? I haven't purchased anything for a pound.,14,extra_charge_on_statement
Will it automatically top-up money if there isn't a lot left?,3,automatic_top_up
how to track the card you sent,4,card_arrival
Why is verification for my identity needed?,27,why_verify_identity
What will I need to verify my identity,24,verify_my_identity
The exchange rate for my electronic payment is incorrect.,8,card_payment_wrong_exchange_rate
I need to reset my passcode. Where do I go to do that?,19,passcode_forgotten
I see a direct debit payment on my statement that wasn't me,11,direct_debit_payment_not_recognised
Does the package with my card have tracking?,4,card_arrival
How old do kids have to be to open an account?,1,age_limit
I think I was charged extra on my payment on last Saturday. Maybe the exchange rate was wrong? I'd like a refund.,8,card_payment_wrong_exchange_rate
I'm at the ATM right now and it only allowed me to withdraw 10 pounds instead of my requested 30. What's going on? How can I fix this?,28,wrong_amount_of_cash_received
When did I get a $1 extra fee on my statement?,14,extra_charge_on_statement
I happened to forget my password,19,passcode_forgotten
What exchange rates do you offer?,13,exchange_rate
I still have not received an answer as to why I was charged $1.00 in a transaction?,14,extra_charge_on_statement
Do you have info about the card on delivery?,4,card_arrival
I tried using my ATM card at your Notting Hill location today. It did not work. Am I doing something wrong?,9,declined_cash_withdrawal
Can I open a bank account for my newborn baby?,1,age_limit
"I ordered a card a week ago, and it's still not here. What do I do?",4,card_arrival
Can someone assist me with activating my new card?,0,activate_my_card
My card is stolen. Help!,18,lost_or_stolen_card
I haven't received my PIN yet. Do I need to get it from you?,17,get_physical_card
How does identity check work?,27,why_verify_identity
I was only given $20 when I tried to get $100,28,wrong_amount_of_cash_received
How do I get a PIN?,17,get_physical_card
Is there a problem that makes my payments show pending?,20,pending_card_payment
The app won't let me log in as myself.,23,unable_to_verify_identity
Where can I get your exchange rates from?,13,exchange_rate
What are the steps to reset my passcode?,19,passcode_forgotten
Is there a auto top-up option?,3,automatic_top_up
What is this extra fee on my statement.,14,extra_charge_on_statement
I thought I was going to receive more currency?,29,wrong_exchange_rate_for_cash_withdrawal
Why am i to verify the top-ups?,25,verify_top_up
I can't remember what my password is,19,passcode_forgotten
I think there was an error in your exchange rate.,8,card_payment_wrong_exchange_rate
It's been a week since I ordered my card and it's not here. Please help?,4,card_arrival
I checked my account and see that funds were deducted from a seller I didn't approve of. Can you help me understand?,11,direct_debit_payment_not_recognised
Transfer has failed.,15,failed_transfer
Where did this 1 euro fee come from?,14,extra_charge_on_statement
What is needed to activate my card?,0,activate_my_card
Why do my transfers keep failing?,15,failed_transfer
Tell me which cards and what currency is supported.,21,supported_cards_and_currencies
Is there a list of ATM machines?,2,atm_support
Where can I find the top-up verification code?,25,verify_top_up
I needed $100 but all it gave me was $20.,28,wrong_amount_of_cash_received
The conversion rate on the ATM that I used with foreign currency was wrong.,29,wrong_exchange_rate_for_cash_withdrawal
I would like to reactivate my card that I previously reported lost. I located the card this morning.,6,card_linking
I forgot my code to get into the app.,19,passcode_forgotten
I tried to make a payment with my card and it was declined. Why is it pending?,20,pending_card_payment
Can I get an auto Top-up?,3,automatic_top_up
I was overcharged an additional pound.,14,extra_charge_on_statement
Why do i have to verify my top-up card?,25,verify_top_up
Is it possible to link a new card?,6,card_linking
I tried withdrawing money in another country and the exchange rate was wrong.,29,wrong_exchange_rate_for_cash_withdrawal
I was declined when trying to withdrawal cash!,9,declined_cash_withdrawal
"Hi there, I've tried to make a transfer 5 different times and its not working. Is your system down or something?",15,failed_transfer
"I would like to re-activate my card, it was previously reported lost but I found it this morning.",6,card_linking
Why did a transfer get declined?,10,declined_transfer
Where are the locations of ATMs that accept this card?,2,atm_support
Do my kids have to be a certain age to use this service?,1,age_limit
My card appears to be broken how can I fix it?,7,card_not_working
I do not know why I was charged for the $1 transaction.,14,extra_charge_on_statement
"I have made 5 attempts to make a very standard survey, yet I can't get it to work. What is the problem? Is there an issue related to your system?",15,failed_transfer
Why are my transfers being declined? It normally works but now it's declining my card. I've tried it a few times but it's still not working.,10,declined_transfer
In the app I see a direct debit that I don't recognize.,11,direct_debit_payment_not_recognised
I need it delivered on a certain date.,5,card_delivery_estimate
What credit cards are supported?,21,supported_cards_and_currencies
"When I received my money, it was not in the correct amount. The exchange rate was not what it should have been.",29,wrong_exchange_rate_for_cash_withdrawal
Please check my payment from last Saturday as I feel I have been overcharged on the exchange rate. Thank you.,8,card_payment_wrong_exchange_rate
Can I transfer money to my credit card?,22,topping_up_by_card
I can't verify identity through the app.,23,unable_to_verify_identity
I was getting some cash out of the ATM but it cancelled on me without warning.,9,declined_cash_withdrawal
Why do you require so many identity details?,27,why_verify_identity
"Help, I don't know what the PIN is to my card?",17,get_physical_card
Why is the exchange rate different from what I expected?,8,card_payment_wrong_exchange_rate
What do I need to do to perform identity checks?,24,verify_my_identity
"I'm having issues with my card. You guys keep declining it for some reason. I haven't had any issues up until this point. What is going on? I've tried a handful of times with the same, unfortunate, result!",10,declined_transfer
What's the right way to activate my card?,0,activate_my_card
When do I get my card PIN?,17,get_physical_card
Can you explain where I can find the auto-top option?,3,automatic_top_up
What are the various currencies and cards that you offer support for?,21,supported_cards_and_currencies
"How can I fix my card, it got declined twice.",10,declined_transfer
Why am I unable to verify my id?,23,unable_to_verify_identity
What are the maximum amount you can do for auto top-up?,3,automatic_top_up
my card was frozen due to putting in the wrong pin too much. how many tries do i have,9,declined_cash_withdrawal
Is there a way to find an ATM around me?,2,atm_support
I'm in Spain and my stuff has been stolen. My card was with it and I need a new one shipped and the old one frozen.,18,lost_or_stolen_card
There is a payment showing that I know I didn't make. I didn't use my card that day and I'm sure of it. Can you please cancel that transaction and return my money? Thankyou,11,direct_debit_payment_not_recognised
I withdrew money but the full amount wasn't dispensed.,28,wrong_amount_of_cash_received
"I need a disposable virtual card, how do I get one?",16,get_disposable_virtual_card
The ATM didn't give me enough money! I asked for more than it gave. What do I do?,28,wrong_amount_of_cash_received
Where can I get money from my card?,2,atm_support
I topped up my account but the money isn't there now.,22,topping_up_by_card
I believe my card payment exchange rate is incorrect.,8,card_payment_wrong_exchange_rate
What is needed for the identity verification?,24,verify_my_identity
Is the system down? I've been trying to do a transfer and have failed?,15,failed_transfer
"I will need to exchange currencies frequently, will I be able to get a discount?",12,exchange_charge
How can I dispute a direct debit charge on my account?,11,direct_debit_payment_not_recognised
Where do I find the top-up verification code?,25,verify_top_up
"There's a €1 fee on my statement, why?",14,extra_charge_on_statement
Do I have to manually top-up my account each time or will it do it on its own?,3,automatic_top_up
my top up isnt there yet where do i find it,22,topping_up_by_card
My identity can't be verified.,23,unable_to_verify_identity
One of my card payments looks like it's stuck but I have made the payment days ago. How long until the payment will be applied to my account?,20,pending_card_payment
I need to verify my identity,24,verify_my_identity
Would I be able to get an account for my child?,1,age_limit
Please assist me in activating the card.,0,activate_my_card
"There is a direct debit charge that I don't recognize, what can I do?",11,direct_debit_payment_not_recognised
Will I be able to get a disposable virtual card as well?,16,get_disposable_virtual_card
I received $20 but I entered $100,28,wrong_amount_of_cash_received
It won't let me activate my card.,0,activate_my_card
I didn't get a PIN yet. What gives?,17,get_physical_card
does it cost to exchange currencies?,12,exchange_charge
There is a suspicious direct debit payment.,11,direct_debit_payment_not_recognised
how do VR cards work,16,get_disposable_virtual_card
what are your exchange rates at?,13,exchange_rate
"Is there a top-up feature, if there isn't a lot of money left?",3,automatic_top_up
what is the correct exchange rate for getting cash,29,wrong_exchange_rate_for_cash_withdrawal
Where can I find the verification code for a top-up?,25,verify_top_up
My payment still hasn't processed!,20,pending_card_payment
Why did I get less money than I asked for?,28,wrong_amount_of_cash_received
What about my children?,1,age_limit
How do I set-up my PIN for the new card?,17,get_physical_card
There is a direct debit fee in the App that I didn't do.,11,direct_debit_payment_not_recognised
Where can I find the auto-top option?,3,automatic_top_up
I was declined a transfer,10,declined_transfer
Is my child too young to sign up?,1,age_limit
I can't seem to be able to use my card,7,card_not_working
Can I have my card activated?,0,activate_my_card
If I am running low on credit can I auto top up?,3,automatic_top_up
How do I transfer money using a credit card?,22,topping_up_by_card
What are your policies for card transfers?,15,failed_transfer
The exchange rate was incorrect for an item I bought.,8,card_payment_wrong_exchange_rate
How does someone else top up my account,22,topping_up_by_card
Does this app have the same exchange rate as third parties?,13,exchange_rate
What is the auto top-up limit?,3,automatic_top_up
I need to get my card quickly,5,card_delivery_estimate
How do I make sure I don't run out of money on my card while traveling?,3,automatic_top_up
Does the app top up automatically?,3,automatic_top_up
"Last Saturday, I was charged extra for the exchange rate on my payment. Is something wrong?",8,card_payment_wrong_exchange_rate
I am not being recognized by the app.,23,unable_to_verify_identity
Why is my exchange rate wrong?,8,card_payment_wrong_exchange_rate
The ATM gave me less cash than requested,28,wrong_amount_of_cash_received
How is my card payment still pending?,20,pending_card_payment
It can take between 10 minutes to an hour before you hear back from us about the verification result. Please try again if your verification fails. Make sure you double check that images are clear and all document photos are readable without blur or glare. You have to be 18 or older and live in the European Economic area or live in Switzerland to be able to open an account.,23,unable_to_verify_identity
My transfer keeps failing and I just want to transfer the money can you please make it work?,15,failed_transfer
"Something went wrong, I was charged an extra pound?",14,extra_charge_on_statement
Why is my disposable virtual card being denied?,26,virtual_card_not_working
How can it be that my Card is not functioning anymore?,7,card_not_working
I attempted to get cash in the ATM but it was not authorized,9,declined_cash_withdrawal
"If I need a PIN for my card, where is it located?",17,get_physical_card
How do I prove I am who I am?,24,verify_my_identity
How do I verify the top up?,25,verify_top_up
Where can I find the exchange rate for my transfer?,13,exchange_rate
How can I verify my identity?,24,verify_my_identity
Hello! I need to order a disposable virtual card. Where can I do that at?,16,get_disposable_virtual_card
The item i bought exchanged rate was incorrect.,8,card_payment_wrong_exchange_rate
I need a disposable virtual card.,16,get_disposable_virtual_card
Do you need my birthdate?,27,why_verify_identity
I do not understand what this particular direct debit is ?,11,direct_debit_payment_not_recognised
When I exchanged currencies the value of my money changed.,29,wrong_exchange_rate_for_cash_withdrawal
It looks like the exchange rates on my card payment are wrong,8,card_payment_wrong_exchange_rate
The see the rate applied to my transaction was wrong at the atm.,29,wrong_exchange_rate_for_cash_withdrawal
How do I link the new card?,6,card_linking
I believe that my card has been stolen!,18,lost_or_stolen_card
Do I get a discount if I exchange currencies a lot?,12,exchange_charge
A card payment on my account is shown as pending.,20,pending_card_payment
"I took out cash from the ATM, but something must have went wrong, My account shows the correct amount of cash I took out, but the ATM didn't give me that amount. How do I get my money back?",28,wrong_amount_of_cash_received
What is your age limit?,1,age_limit
I'm having difficulty verifying my identity.,23,unable_to_verify_identity
Can I use American Express to add money into my account?,21,supported_cards_and_currencies
i cannot find my card PIN,17,get_physical_card
Do you charge a fee on currency exchange?,12,exchange_charge
There is a 1£ charge that appears as pending on my statement. What is that? I haven't purchased anything for a pound there.,14,extra_charge_on_statement
Why do I have to give you all of my identification details?,27,why_verify_identity
What do you think of the exchange rate?,13,exchange_rate
Why can't I get cash?,9,declined_cash_withdrawal
Can I make multiple online transactions with my virtual card?,26,virtual_card_not_working
What can I do to verify my card?,25,verify_top_up
The right amount of cash was not sent to me.,28,wrong_amount_of_cash_received
I'm pretty sure something went wrong with my exchange. I changed Russian Ruble to UK pounds and was charged way too much!,8,card_payment_wrong_exchange_rate
Help my activate my card.,0,activate_my_card
"My statement shows a 1£ purchase pending. I do not remember making this purchase, please let me know what this is about.",14,extra_charge_on_statement
What currency can I use to add money?,21,supported_cards_and_currencies
I CAN NOT FIND THE TOP-UP VERIFICATION CODE.,25,verify_top_up
How can I fund another account with my American Express?,21,supported_cards_and_currencies
Can I make an account for my daughter?,1,age_limit
Can my children open an account?,1,age_limit
A false direct debit payment is showing in my app,11,direct_debit_payment_not_recognised
Why did I not get my cash back after I withdrew?,28,wrong_amount_of_cash_received
How are exchange rates calculated?,13,exchange_rate
Help! When will the card arrive at my home?,5,card_delivery_estimate
What all is needed to verify the top-up card?,25,verify_top_up
I need help finding the verification code for my top-up card.,25,verify_top_up
Do you accept US credit cards?,21,supported_cards_and_currencies
My card payment has been stuck on pending. What is the problem? It should have gone through by now.,20,pending_card_payment
I was issued a card about a week ago. why hasn't it come in yet?,4,card_arrival
"I need my card topped up,",22,topping_up_by_card
What are all of the different steps for identity checks?,24,verify_my_identity
where do you find your exchange rates?,13,exchange_rate
Can you check the exchange rate on a cash transaction I did overseas,29,wrong_exchange_rate_for_cash_withdrawal
Why does my identity need verification?,27,why_verify_identity
Why won't my card work anymore?,7,card_not_working
The virtual card won't work.,26,virtual_card_not_working
Why is the exchange rate wrong for my international withdrawal?,29,wrong_exchange_rate_for_cash_withdrawal
I withdrew some cash and the exchange rate seems to be wrong.,29,wrong_exchange_rate_for_cash_withdrawal
Could you please freeze my card immediately?,18,lost_or_stolen_card
How long are deliveries to the US?,5,card_delivery_estimate
I am seeing and extra 1$ charged to my account and wanted to know about it.,14,extra_charge_on_statement
Can it automatically top-up money if there isn't much left?,3,automatic_top_up
"For adding money, which currencies do you accept?",21,supported_cards_and_currencies
Is it possible to open an account for my children?,1,age_limit
I'm not sure how to provide my identity.,23,unable_to_verify_identity
where can I find the auto-top up option?,3,automatic_top_up
My virtual card is just not going through.,26,virtual_card_not_working
I got money overseas and the exchange rate was wrong,29,wrong_exchange_rate_for_cash_withdrawal
Can I go ahead and use my account even though my identify hasn't been verified yet?,27,why_verify_identity
Is there any nearby ATM's?,2,atm_support
I wanted to take out $100 but I only got $20.,28,wrong_amount_of_cash_received
How do I find the PIN?,17,get_physical_card
Please tell me about disposable cards.,16,get_disposable_virtual_card
Can I create a disposable virtual card?,16,get_disposable_virtual_card
The exchange rate you gave me for my cash withdrawal is wrong,29,wrong_exchange_rate_for_cash_withdrawal
How long does it take for cards to be delivered after ordering them?,5,card_delivery_estimate
Why is it saying I have a pending payment?,20,pending_card_payment
My physical card is not working,7,card_not_working
Help me verify the card used on a top-up.,25,verify_top_up
I want a refund on a direct debit.,11,direct_debit_payment_not_recognised
Why am I being charged more on exchange with things I bought abroad?,8,card_payment_wrong_exchange_rate
Tried using my ATM card earlier at one of your locations for the first time. It didn't work. What is going on?,9,declined_cash_withdrawal
The amount of cash i have received is not correct.,28,wrong_amount_of_cash_received
I need my card delivered as soon as possible.,5,card_delivery_estimate
Is there something wrong with the ATM? It would not let me pull cash out of my account.,9,declined_cash_withdrawal
Is there any age limit?,1,age_limit
On what do you base your exchange rates?,13,exchange_rate
I may need to dispute a Direct Debit payment.,11,direct_debit_payment_not_recognised
"Hi, Yesterdays i was unable to do online shopping as it was getting declined. Today I am facing the same issue. Please help me in this respect.",10,declined_transfer
I could not get my transfer to happen correctly and was wondering why?,15,failed_transfer
Purchases I did not make are appearing in my bank statement?,11,direct_debit_payment_not_recognised
The exchange rate seems off on this transaction,8,card_payment_wrong_exchange_rate
I ordered a card and I still haven't received it. It's been two weeks. What can I do?,4,card_arrival
Why did I only receive this much currency?,29,wrong_exchange_rate_for_cash_withdrawal
I got cash and the exchange rate should have been different than it ended up being.,29,wrong_exchange_rate_for_cash_withdrawal
How long will it take to arrive?,5,card_delivery_estimate
Is there a way to set up an auto top-up?,3,automatic_top_up
How can I prove who I am?,24,verify_my_identity
Are there any restrictions causing my transfer to be declined?,10,declined_transfer
Can you tell me why I can't make any transactions?,7,card_not_working
Please advise what is the exchange rate,13,exchange_rate
Can you tell me how I go about activating a new card?,0,activate_my_card
I can't log into my account because I lost my password,19,passcode_forgotten
I no longer have my passcode.,19,passcode_forgotten
Why is there a direct debit I didn't make showing in the app?,11,direct_debit_payment_not_recognised
Can you tell me where you get your exchange rates?,13,exchange_rate
"HELP! I tried to get cash and it gave me some, but not the right amount!",28,wrong_amount_of_cash_received
I'd like to open an account for my kids can I do that?,1,age_limit
How do I get my card active?,0,activate_my_card
I cant get money out of the ATM with my card. I just put my card in the ATM but it will not allow me to take any money out. What do I need to do to fix this?,9,declined_cash_withdrawal
I was making a purchase and it was declined and I wanted to know why.,10,declined_transfer
How do I get a refund for an unauthorized direct debit payment?,11,direct_debit_payment_not_recognised
"I'm going to travel, can I have it add money automatically in certain intervals?",3,automatic_top_up
I noticed an extra pound charge?,14,extra_charge_on_statement
"I used my card to top up, but now I don't see the money in my account.",22,topping_up_by_card
How do you determine the exchange rate?,13,exchange_rate
I would like to be assisted with the activation of my card.,0,activate_my_card
I am not able to verify my id. Why?,23,unable_to_verify_identity
"Fix your system. I can't make transfers, I've tried like 5 times already.",15,failed_transfer
Why did you decline my transfer?,10,declined_transfer
still need to get card pin,17,get_physical_card
What is this direct debit in my statement?,11,direct_debit_payment_not_recognised
My card payment has the wrong exchange rate,8,card_payment_wrong_exchange_rate
Tell me what I need to do to activate my card.,0,activate_my_card
How do I contact customer support about my declined transfer?,10,declined_transfer
Can I get some help activating my new card?,0,activate_my_card
Today I used my card at a restaurant and it was declined. Why?,7,card_not_working
Can you freeze my card it was stolen,18,lost_or_stolen_card
WHERE IS MY MONEY I WAS USING MY CARD AND IT DISAPPEARED,22,topping_up_by_card
"My card payment is just showing up as pending and it has been a while , what's going on with that, it should be going through at some point?",20,pending_card_payment
My card hasn't arrived in the mail yet. I ordered it two weeks ago. What can I do?,4,card_arrival
I'm being asked for a verification code. Where do I find it?,25,verify_top_up
I want to know your exchange rates.,13,exchange_rate
My transfer has been declined.,10,declined_transfer
When are cards delivered?,5,card_delivery_estimate
Cannot access my top up.,22,topping_up_by_card
I can't withdraw money,9,declined_cash_withdrawal
Can I set automatic top ups?,3,automatic_top_up
Is it normal to have to verify my top-up or is something wrong?,25,verify_top_up
We want to start a college fund for my daughter.,1,age_limit
Why did the ATM machine fail to give me a cash withdrawal?,9,declined_cash_withdrawal
Please help me with the activation of the new card.,0,activate_my_card
My card is not working.,7,card_not_working
How do you determine exchange rates?,13,exchange_rate
i cannot seem to activate card,0,activate_my_card
Where do I find my card PIN?,17,get_physical_card
Show me how can my friends top up my account.,22,topping_up_by_card
My payment is in the app but hasn't gone through yet,20,pending_card_payment
How do I go forth on verifying my identity?,24,verify_my_identity
I can't find the auto-top up option.,3,automatic_top_up
My card is missing.,18,lost_or_stolen_card
Why can't I withdraw cash?,9,declined_cash_withdrawal
At which ATMs can I use this card?,2,atm_support
A payment is pending,20,pending_card_payment
Why couldn't I complete a transfer?,15,failed_transfer
Is it possible to reactivate the card I thought I lost but found this morning in my jacket?,6,card_linking
What are the steps for changing my passcode?,19,passcode_forgotten
Would like to use my card and need to activate it first. Can you help me do this?,0,activate_my_card
How old do I need to be?,1,age_limit
It didn't give me my cash,28,wrong_amount_of_cash_received
I can't find my card and think it may have been stolen.,18,lost_or_stolen_card
How do i access the auto top-up option?,3,automatic_top_up
Do you have an auto-top function and how do I use it if so?,3,automatic_top_up
Which ATM's will accept my card?,2,atm_support
I have a new card. How do I activate it?,0,activate_my_card
How do I check security settings on my card?,7,card_not_working
Why is the exchange rate different on my recent purchase?,8,card_payment_wrong_exchange_rate
"Hi, I have been transferring money to my friends since morning, but all my transactions were getting failed. Can you please look into this issue.",15,failed_transfer
How old do you have to be to get an account?,1,age_limit
"I thought I left my card at a restaurant, but they claim not to have it and now I don't have any idea where it is. I'm so worried that someone might be using it fraudulently. Is there any way to look into this?",18,lost_or_stolen_card
How much do you charge for exchange rates?,12,exchange_charge
Would it be possible to activate my card?,0,activate_my_card
"I need to set up an account for my daughter, how would I do that?",1,age_limit
Your foreign exchange rate is wrong.,8,card_payment_wrong_exchange_rate
What do I need to bring for identification?,23,unable_to_verify_identity
"Why do you keep declining my transfers? it's always been working really well so far but when I tried to buy something just now the card got declined, I tried couple of times already but same thing is happening.",10,declined_transfer
With what currencies can I add money?,21,supported_cards_and_currencies
Who can purchase a disposable virtual card?,16,get_disposable_virtual_card
Can I make transfers before my identity verification?,27,why_verify_identity
Where did my money go? I'm not able to withdraw it from my ATM.,9,declined_cash_withdrawal
I am not recognizing a debit payment from my account.,11,direct_debit_payment_not_recognised
My cash withdrawal was short.,28,wrong_amount_of_cash_received
Can I space out how often money is transferred along my travels?,3,automatic_top_up
Why can't I make multiple payments with my virtual card?,26,virtual_card_not_working
are there any exchange fees,12,exchange_charge
Help me reset the passcode.,19,passcode_forgotten
What are your exchange rates calculated from?,13,exchange_rate
"I want to know which currencies and cards are supported, can you provide a list?",21,supported_cards_and_currencies
When going to the ATM to take out some cash today my withdrawal was declined. I need to fix this problem as soon as possible. whats going on?,9,declined_cash_withdrawal
How soon do cards arrive after I order them?,5,card_delivery_estimate
What are the steps of verifying an identity?,24,verify_my_identity
What are the steps for the identity checks?,24,verify_my_identity
My disposable virtual card will not work,26,virtual_card_not_working
Will I know which exchange rate I will get?,13,exchange_rate
I still want to use my account but haven't verified is that OK?,27,why_verify_identity
I want to know how to transfer money with my credit card,22,topping_up_by_card
How to verify top up card?,25,verify_top_up
"I was using foreign currency at an ATM, but the rate was typed in wrong.",29,wrong_exchange_rate_for_cash_withdrawal
I tried to transfer but it was declined,10,declined_transfer
What is the extra fee on my statement?,14,extra_charge_on_statement
When will I get my card shipped to me?,5,card_delivery_estimate
"Hello, I believe there has been a mistake made on the exchange rate for my card. Could you please check the official interbank exchange rate for me?",8,card_payment_wrong_exchange_rate
I am inquiring about your auto top up feature.,3,automatic_top_up
Where can I withdraw money from?,2,atm_support
Can you get me my card fast?,5,card_delivery_estimate
you got the exchange rate wrong for my cash withdrawal,29,wrong_exchange_rate_for_cash_withdrawal
where is my new card?,4,card_arrival
How do I get my card PIN?,17,get_physical_card
I can't get the virtual card to work,26,virtual_card_not_working
I can't verify my ID. Why?,23,unable_to_verify_identity
Why can't I use my virtual card for subscription services?,26,virtual_card_not_working
My card gets rejected when I try to use it,7,card_not_working
I want to use auto top-up. Is there a limit?,3,automatic_top_up
Can my children get an account?,1,age_limit
Is the exchange rate current?,13,exchange_rate
"Is there something wrong with my card payment? It's been pending a really, really long time.",20,pending_card_payment
I don't understand where this debit came from and want it removed.,11,direct_debit_payment_not_recognised
I lost my password,19,passcode_forgotten
A debit came through that I need to dispute.,11,direct_debit_payment_not_recognised
My card isn't working,7,card_not_working
What is the process for activating my card?,0,activate_my_card
My purchase from this morning still is pending.,20,pending_card_payment
when does the rate get determined,13,exchange_rate
How do I use American express to top up my account?,21,supported_cards_and_currencies
I cannot tell what my top up currently is.,22,topping_up_by_card
Why was my virtual card rejected?,26,virtual_card_not_working
Why don't I see my top up in my wallet?,22,topping_up_by_card
I don't have my card after 1 week. What are my next steps?,4,card_arrival
How long do card transactions take to clear?,20,pending_card_payment
"I changed the currency, but why is it costing more?",8,card_payment_wrong_exchange_rate
Can I add a card back to the app?,6,card_linking
"I'd lke my card reactivated, I was thinking it was misplaced but I discovered when I woke up that I had left it in my coat.",6,card_linking
How old do you have to be to open an account?,1,age_limit
I see a direct debit transaction in my history that I did not set up.,11,direct_debit_payment_not_recognised
How do I link to my credit card with you?,6,card_linking
Why was I charged a higher exchange rate when I bought something abroad?,8,card_payment_wrong_exchange_rate
There is a transaction from my account that I don't recognize can you trace back the information so I can make sure it's something I did or not?,11,direct_debit_payment_not_recognised
"I have a question about ATM transactions. Can I take money out of an ATM when I'm traveling abroad? And, can I get the money in my home currancy?",29,wrong_exchange_rate_for_cash_withdrawal
What is an exchange rate?,13,exchange_rate
I can't find my card! What should I do?,18,lost_or_stolen_card
What are the steps for identity checks?,24,verify_my_identity
How long does a payment usually show as pending? Is it normal that mine is still pending?,20,pending_card_payment
Are you able to locate my card?,18,lost_or_stolen_card
Why did I get less cash than what I asked in the ATM?,28,wrong_amount_of_cash_received
Can you help me figure out what's happening? I'm trying to transfer money to a friend but it keeps getting returned. I'm not sure what i'm doing wrong.,15,failed_transfer
I'm at an ATM and withdrew 30 pounds and was only given 10. What should I do?,28,wrong_amount_of_cash_received
So I just went to the ATM to get some cash. I input that I needed 100 pounds but I only got 80. I have the receipt and I am in need of the extra money. How do I go about obtaining the missing amount?,28,wrong_amount_of_cash_received
why did i only get 20.00,28,wrong_amount_of_cash_received
I have been trying to make transfers to another account but I keep getting a declined notice. I have checked all of my information more than once and my information is accurate.,10,declined_transfer
When will my card arrive?,5,card_delivery_estimate
The ATM is messed up. It gave me less than I wanted.,28,wrong_amount_of_cash_received
Can you tell me why I wasn't able to complete my transfer?,15,failed_transfer
I need some help with identity verification.,24,verify_my_identity
Can I dispute a payment even if I notice it several weeks after it was made?,11,direct_debit_payment_not_recognised
Why did you give me so little currency?,29,wrong_exchange_rate_for_cash_withdrawal
How do I verify my top up?,25,verify_top_up
My transfer failed. Help!,15,failed_transfer
Why is my identification required?,27,why_verify_identity
The app passcode has completely slipped my mind.,19,passcode_forgotten
How do your exchange rates work?,13,exchange_rate
"There must have been a mistake, why was I charged an extra pound?",14,extra_charge_on_statement
"My wallet isn't showing my top-up, did I do something wrong?",22,topping_up_by_card
exchanging currencies costs what?,12,exchange_charge
What age do you have to be?,1,age_limit
I was denied cash at an ATM,9,declined_cash_withdrawal
"I'm locked out of my account as I can't remember my code, what do I do now?",19,passcode_forgotten
How do i finalize a card payment,20,pending_card_payment
How do I link a new card to an existing one?,6,card_linking
"I need to activate my card, how is that done?",0,activate_my_card
i have yet to get my pin,17,get_physical_card
How can I request cash back? The ATM just gave me a different amount than what I've been charged though...,28,wrong_amount_of_cash_received
Where can i find my top-up verification code?,25,verify_top_up
There is a direct debit charge on my account that I don't recognize.,11,direct_debit_payment_not_recognised
Is there a limit for age?,1,age_limit
Why do you need to perform identity verification?,27,why_verify_identity
Can I be topped up once I hit a certain balance?,3,automatic_top_up
Can I use my account before my Identity verification has passed?,27,why_verify_identity
what is this charge i didnt do it what can i do,11,direct_debit_payment_not_recognised
"When I got cash, the exchange rate applied was wrong.",29,wrong_exchange_rate_for_cash_withdrawal
How can disposable cards be used?,16,get_disposable_virtual_card
Is there a specific date it can be delivered by?,5,card_delivery_estimate
"I was double charged, and the second charge is showing as ""pending"". How long will it be before I get my money back once the second charge has been refunded?",20,pending_card_payment
I think I may have been charged $1 extra on my app. Could you provide some insight as to why this may have happened?,14,extra_charge_on_statement
"Please help me as i am continuously facing the issue in transferring money to my friends, as all my transactions are getting failed.",15,failed_transfer
I made an ATM withdraw it didn't give me the amount I asked for but is showing a withdraw for that amount.,28,wrong_amount_of_cash_received
What steps do I have to go through in order to activate my new card?,0,activate_my_card
I ordered my card 2 weeks ago and it still isn't here? What do I do?,4,card_arrival
I cant prove who I am,23,unable_to_verify_identity
"My new card isn't in my app, how do I get it in there?",6,card_linking
I am having trouble verifying my id.,23,unable_to_verify_identity
Do you charge extra for exchanging currencies?,12,exchange_charge
The card PIN?,17,get_physical_card
"For some reason, the virtual card won't work for me.",26,virtual_card_not_working
Is there a way to track the new card you sent me?,4,card_arrival
What ATMs can I use this card at?,2,atm_support
I could not get money from an ATM,9,declined_cash_withdrawal
I received the wrong amount of cash back,28,wrong_amount_of_cash_received
do I need to verify my identity before I can use my card?,27,why_verify_identity
Need help with a stolen card.,18,lost_or_stolen_card
How do i go about linking a new card?,6,card_linking
Is it possible to do auto top up?,3,automatic_top_up
My passcode doesn't work,19,passcode_forgotten
Can someone assist me with activating my card?,0,activate_my_card
Can I get my friends to add money to my account?,22,topping_up_by_card
Is it really necessary to verify my Identity?,27,why_verify_identity
What will I need for identity verification?,24,verify_my_identity
Why is my identity verification process not working?,23,unable_to_verify_identity
There is a €1 extra fee in my statement,14,extra_charge_on_statement
Weird Direct Debit payment,11,direct_debit_payment_not_recognised
Are there certain ATMs that I can use this card at?,2,atm_support
Can a card stop working?,7,card_not_working
Can my children have an account?,1,age_limit
How is the current exchange rate?,13,exchange_rate
Why do I need to have my identity verified?,27,why_verify_identity
Can I get cash with this card anywhere?,2,atm_support
For what reason was my transfer declined?,10,declined_transfer
Is it a good time to exchange?,13,exchange_rate
Can I reactivate my lost card that I found this morning in my jacket pocket?,6,card_linking
Can I have it delivered on the date I need it delivered?,5,card_delivery_estimate
Tell me about verifying top-up,25,verify_top_up
Any extra charges for exchanging currencies?,12,exchange_charge
My statement has a dollar I have been charged showing up on it.,14,extra_charge_on_statement
How do I find the exchange rate?,13,exchange_rate
app doesnt think its me,23,unable_to_verify_identity
do i need to wait to get my card before getting a pin,17,get_physical_card
Where should I look for my PIN number at?,17,get_physical_card
Does the card you sent have a tracking number?,4,card_arrival
How do I deactivate a stolen card?,18,lost_or_stolen_card
Hi! What documents can I use to verify my identity?,24,verify_my_identity
"Hello, In my most recent ATM transaction, I didn't receive nearly as much cash as I thought I would - what is your exchange rate policy?",29,wrong_exchange_rate_for_cash_withdrawal
Is there a possibility to open an account for my sons and daughters?,1,age_limit
I can't do the verification.,27,why_verify_identity
How old does one have to be to have an account with the bank?,1,age_limit
What do I need to do to transfer money with my credit card?,22,topping_up_by_card
What is this €1 charge?,14,extra_charge_on_statement
The cash I tried to draw from the ATM was not approved.,9,declined_cash_withdrawal
A transaction on my card shows as pending.,20,pending_card_payment
Please help me! My physical card isn't working right.,7,card_not_working
I tried activation my card and it didn't employment,0,activate_my_card
I would like to dispute a payment I didnt make,11,direct_debit_payment_not_recognised
What is the procedure for activating this card?,0,activate_my_card
"I just got a card, how can I add it to the app?",6,card_linking
What can I do if my card still hasn't arrived after 2 weeks?,4,card_arrival
With my credit card i would like to transfer money.,22,topping_up_by_card
Please check the exchange rate for my payment last Saturday. I believe I have been overcharged.,8,card_payment_wrong_exchange_rate
My purchases from this morning are showing up as payment pending. Can you tell me why?,20,pending_card_payment
What do I do if my card is stolen?,18,lost_or_stolen_card
If there isn't much money left can it automatically top-up?,3,automatic_top_up
Why is there an extra fee on my statement?,14,extra_charge_on_statement
Why was the exchange rate so wrong when I bought something!,8,card_payment_wrong_exchange_rate
I have a question regarding the PIN of the card?,17,get_physical_card
I would like to make sure it is delivered on a certain date.,5,card_delivery_estimate
Why could I not choose cash at the ATM?,9,declined_cash_withdrawal
My disposable virtual card doesn't seem to work,26,virtual_card_not_working
Does the exchange rate change each day for purchases? There is a different rate on my purchase.,8,card_payment_wrong_exchange_rate
I do not wish to verify my identity.,27,why_verify_identity
Please explain the exchange rates.,13,exchange_rate
Is it possible to use my credit card to transfer money?,22,topping_up_by_card
Why are my purchases from this morning still pending?,20,pending_card_payment
What ID do I need to verify my identity?,24,verify_my_identity
There was a charge made on my card from a couple weeks ago and I don't remember making the purchase. Nor do I remember the company itself. Can we trace this at all to confirm if I did it or not?,11,direct_debit_payment_not_recognised
The ATM is showing it gave me the money I requested but I didn't get that amount.,28,wrong_amount_of_cash_received
i would like to dispute a direct debit payment,11,direct_debit_payment_not_recognised
what is the leadtime for a new card to show up in the mail?,5,card_delivery_estimate
"My job requires me to do a lot of exchanging currency, and I was wondering about any possible discounts or lower prices.",12,exchange_charge
Where can I withdrawal my money?,2,atm_support
My virtual card won't work.,26,virtual_card_not_working
What age can sign up for services?,1,age_limit
"I tried to top off using the card, but the money just disappeared?",22,topping_up_by_card
I received my card but not my PIN.,17,get_physical_card
Why isn't this accepting my identity?,23,unable_to_verify_identity
I needed cash from the ATM but I couldn't get it.,9,declined_cash_withdrawal
The exchange rate for my card payment doesn't seem right.,8,card_payment_wrong_exchange_rate
Why was my account assessed a fee?,14,extra_charge_on_statement
Is there a reason there's an extra fee on my statement?,14,extra_charge_on_statement
What steps do I need to take for the identity checking process?,24,verify_my_identity
How do I report my card lost or stolen?,18,lost_or_stolen_card
Why is my card being declined at the ATM? I have tried multiple ATMs and i keep running into the same problem. Could you verify that everything is okay with my account?,9,declined_cash_withdrawal
My card was declined at a restaurant today and I am not sure why.,7,card_not_working
"When I tried to transfer funds to my friend today I was unable to do so, why?",15,failed_transfer
I'm trying to activate the auto-top up function. Where is it?,3,automatic_top_up
I can't remember my passcode.,19,passcode_forgotten
I dont have a pin,17,get_physical_card
The ATM gave me the wrong amount of cash today when I went to withdraw. The app says it was more.,28,wrong_amount_of_cash_received
I'm having trouble verifying my ID.,23,unable_to_verify_identity
I think my card is broken,7,card_not_working
I've received my card so now I need to know how to sync it to the app.,6,card_linking
I would like to not have to do the identity verification.,27,why_verify_identity
Can I make a withdraw in my home currency at an ATM? I'm on vacation and don't have cash with me. This is cause for a bit of concern. Is it possible to withdraw here without additional fees?,29,wrong_exchange_rate_for_cash_withdrawal
I only got some of the cash I requested from the ATM,28,wrong_amount_of_cash_received
my card was not in the mail again can you advise?,5,card_delivery_estimate
"I tried verifying my ID, but it won't let me.",23,unable_to_verify_identity
I need a single use card for shopping online,16,get_disposable_virtual_card
I withdrew some cash out of the ATM over the holiday. It seems that I was charged some outrageous fees. I would not have done that had I been aware of these outrageous charges!,29,wrong_exchange_rate_for_cash_withdrawal
Could you tell me why my cash withdrawal was declined?,9,declined_cash_withdrawal
Why do you need me to verify who I am?,27,why_verify_identity
What are ways to test why my card might not be working?,7,card_not_working
The exchange rate is bad. Are you sure this is the exchange rate?,8,card_payment_wrong_exchange_rate
Why do you keep declining my transfers?it was always been working really well so far but when I tried to buy something just now the card got declined . I tried couple of times already but same thing is happening.,10,declined_transfer
"I can not seem to make a successful transfer, can you tell me what I'm doing wrong?",15,failed_transfer
How can I activate the new card i got?,0,activate_my_card
I got my new card where do I go to activate it?,0,activate_my_card
Will there be any extra fees if I exchange currencies?,12,exchange_charge
There was a limited amount of money available at the time of my transaction.,28,wrong_amount_of_cash_received
"I need support options, I want to top my card",21,supported_cards_and_currencies
The transger I tried to make failed.,15,failed_transfer
Why do we need to verify top-ups?,25,verify_top_up
"I normally don't use ATMs, but I was in a rush today and had to withdraw some cash. The ATM gave me the wrong amount of money and now my app is not showing the same amount as it should. What do I do?",28,wrong_amount_of_cash_received
"Now that I have my card, how do I connect it to the app?",6,card_linking
How can I get cash back? The ATM just gave me the wrong amount that I've been actually charged though...,28,wrong_amount_of_cash_received
I tried to get cash but it was declined!,9,declined_cash_withdrawal
How can I freeze a stolen card?,18,lost_or_stolen_card
"My card payment is just showing up as pending since forever, what's going on with that, when should it be going through?",20,pending_card_payment
The ATM did not allow me to withdraw,9,declined_cash_withdrawal
May I get a disposable virtual card as well?,16,get_disposable_virtual_card
When can I expect to receive my new card?,5,card_delivery_estimate
The ATM didn't give me the full requested amount,28,wrong_amount_of_cash_received
How do I link a new card in the app?,6,card_linking
What currencies are accepted for adding money?,21,supported_cards_and_currencies
I see a direct debit transaction in the app that is not mine,11,direct_debit_payment_not_recognised
"While abroad I got cash, and a wrong exchange rate was applied.",29,wrong_exchange_rate_for_cash_withdrawal
How do I find out why my card won't work?,7,card_not_working
What currencies can I use?,21,supported_cards_and_currencies
Do i have to wait to get the pin or can i set up a pin,17,get_physical_card
The ATM keeps declining my card. I tried at a couple different ATMs. Can you tell me if there's a problem with my account?,9,declined_cash_withdrawal
What is the point of an identity check?,27,why_verify_identity
Could my daughter open an account?,1,age_limit
I wanted $100 but only got $20,28,wrong_amount_of_cash_received
Are there any disposable virtual cards?,16,get_disposable_virtual_card
How can I add money automatically?,3,automatic_top_up
What steps do I take to receive another passcode?,19,passcode_forgotten
I need to find the card I received in the app.,6,card_linking
"I want to withdraw money, where can I go?",2,atm_support
How much does currency exchange cost?,12,exchange_charge
I made a card payment by my card but it failed. Please let me know when the payment will get completed as its still pending.,20,pending_card_payment
How do I locate my card?,4,card_arrival
How can I make my card ready to use?,0,activate_my_card
I would like to know why my purchases from this morning are still pending.,20,pending_card_payment
What is the highest limit for Auto Top?,3,automatic_top_up
My card was declined today when eating and I need to know what's wrong.,7,card_not_working
"I need a card reactivation, I had reported my card lost but I ran across it in my jacket.",6,card_linking
A fee shouldn't apply to me if my card was stolen.,18,lost_or_stolen_card
I can't prove my identity.,23,unable_to_verify_identity
why couldn't I get cash in the ATM?,9,declined_cash_withdrawal
Is getting my identity verified required before I can use my account?,27,why_verify_identity
How do I link my replacement card?,6,card_linking
"Give me my card, I need it now!",5,card_delivery_estimate
Why do you have the identity check,27,why_verify_identity
Would it be possible to open up an account for children?,1,age_limit
I can't get money out of the ATM,9,declined_cash_withdrawal
Do you know the closest ATM?,2,atm_support
What type of card can I use to top up?,21,supported_cards_and_currencies
I've tried looking for the auto-top up option on your website and I can't seem to find it. Can you help me?,3,automatic_top_up
Can you track my card for me?,4,card_arrival
There is no way for me to prove my identity.,23,unable_to_verify_identity
Which ATMs accept this card?,2,atm_support
I got less money than I asked for.,28,wrong_amount_of_cash_received
I got less cash than what I specified for through the ATM.,28,wrong_amount_of_cash_received
Is there an extra charge to exchange different currencies?,12,exchange_charge
How fast can you deliver?,5,card_delivery_estimate
I already have an account. Why can't I use it unless my identity is verified?,27,why_verify_identity
What are the disposable cards used for?,16,get_disposable_virtual_card
What identification is required to activate my card?,0,activate_my_card
How much will I be charged for exchanging foreign currency,12,exchange_charge
Can I get an update on my replacement card?,4,card_arrival
How is this transfer supposed to work? It's not working for me.,15,failed_transfer
I do not understand why my pass-code is not working.,19,passcode_forgotten
I have a new card and I need to activate it.,0,activate_my_card
What documents do I need for the identity check?,24,verify_my_identity
Do I have to use a bank approved ATM to withdraw money?,2,atm_support
"I want a disposable virtual card, how do I do that?",16,get_disposable_virtual_card
What are the steps to verify identity?,24,verify_my_identity
Can I top up using my car?,22,topping_up_by_card
Why have I been charged an extra pound?,14,extra_charge_on_statement
I can not find my card pin.,17,get_physical_card
Why have I been charged an extra £1?,14,extra_charge_on_statement
Will you accept my other card?,21,supported_cards_and_currencies
How do I link one of your card that I already have?,6,card_linking
"I want to use my card, how would I activate it?",0,activate_my_card
Seems like my transfer was declined how come?,10,declined_transfer
What are the steps to activating a new card?,0,activate_my_card
I got my new card. How do I activate it?,0,activate_my_card
My ATM transaction was unsuccessful.,9,declined_cash_withdrawal
I need my card to be delivered fast,5,card_delivery_estimate
Can you please explain why the exchange rate for the item I bought is wrong?,8,card_payment_wrong_exchange_rate
I have young kids. Can they use this service?,1,age_limit
There is a direct debit I do not recognise in my statement,11,direct_debit_payment_not_recognised
Please help me to know the status of my card payment as its pending since a while.,20,pending_card_payment
I am reluctant to use ATMs international because I don't get an accurate exchange rate,29,wrong_exchange_rate_for_cash_withdrawal
"If I want to get an account for my daughter, can I do that?",1,age_limit
why do i have a failed transfer,15,failed_transfer
I only own one other credit card from the USA. Will it be accepted?,21,supported_cards_and_currencies
I didn't receive the correct amount of cash when I exchanged it overseas.,29,wrong_exchange_rate_for_cash_withdrawal
What kind of foreign exchange rate will I get when I exchange my money?,13,exchange_rate
Please can i get a disposable virtual card as well?,16,get_disposable_virtual_card
"Hi. I just withdrew cash from an ATM and received the wrong amount. However, my app shows the correct amount I withdrew. How do I get the rest of the cash?",28,wrong_amount_of_cash_received
What is with the need to have all my ID information?,27,why_verify_identity
How do I activate my new card,0,activate_my_card
My statement is showing an extra £1 charge and I am unsure why. Is there an explanation for this?,14,extra_charge_on_statement
Can you tell me where I can order a disposable virtual card?,16,get_disposable_virtual_card
Why does my transaction have an added fee?,14,extra_charge_on_statement
Why did my transfer fail? What can I do?,15,failed_transfer
How would I use a disposable card?,16,get_disposable_virtual_card
how do I top up my money automatically,3,automatic_top_up
How can I top up my account and which currency can I use?,21,supported_cards_and_currencies
How long does it take for a payment to go thru? I made one a few days ago and it has not been cleared yet.,20,pending_card_payment
"How do I activate my card, so that I can start using it?",0,activate_my_card
Why won't my card show up on the app?,6,card_linking
I have not received my pin yet,17,get_physical_card
Payments from my disposable virtual card don't work,26,virtual_card_not_working
I'd like to have it delivered on Saturday. Is that possible?,5,card_delivery_estimate
I want to add money automatically when I travel.,3,automatic_top_up
Why are my withdrawals suddenly being declined?,9,declined_cash_withdrawal
As my kids get older are they able to get set up with their own accounts?,1,age_limit
People are using my debit card - help!,11,direct_debit_payment_not_recognised
how do i get the card linked,6,card_linking
My card stopped working after multiple transactions. Why?,7,card_not_working
Is there a charge for exchanging foreign currency?,12,exchange_charge
Can you accept my other card from the U.S.? It is the only other one I have.,21,supported_cards_and_currencies
Do I have a say when it's delivered?,5,card_delivery_estimate
Why can't I verify my identity?,23,unable_to_verify_identity
"I'm trying to verify my identity but can't figure out how, what do I do?",24,verify_my_identity
I got the incorrect amount of money given to me from my account,28,wrong_amount_of_cash_received
How do I reactivate a card I thought I lost?,6,card_linking
How do i set up auto top-up?,3,automatic_top_up
how do I get my card to show in the app?,6,card_linking
What should I do if I forgot my passcode?,19,passcode_forgotten
Can i get money in my home currency at some ATM ? As I am on holiday and bit concerned because i do not have any cash with me . Is it possible to withdraw without any additional cost.,29,wrong_exchange_rate_for_cash_withdrawal
What is the minimum age to open an account?,1,age_limit
"I'm running out of money, can I auto top up?",3,automatic_top_up
There is a debit transaction on my statement that I did not make,11,direct_debit_payment_not_recognised
My card is needed soon,5,card_delivery_estimate
How do I reset my passcode?,19,passcode_forgotten
My card hasn't arrived yet.,4,card_arrival
I see a direct debit payment on my app that I did not do,11,direct_debit_payment_not_recognised
Does it cost anything for exchanges?,12,exchange_charge
"For the identity check, do I need any kind of documentation?",24,verify_my_identity
Why is my physical card not working?,7,card_not_working
I'm still waiting on my identity verification.,23,unable_to_verify_identity
Why haven't I received my new card yet?,4,card_arrival
I want a virtual card that is disposable,16,get_disposable_virtual_card
I can't log in with this passocde,19,passcode_forgotten
Why are my transfers and purchases keep getting declined?,10,declined_transfer
How are exchange rates determined?,13,exchange_rate
Where is the closest Mastercard ATM?,2,atm_support
I don't have my card in 1 week. Should I be worried?,4,card_arrival
Is there a way to use this app with a disposable virtual card?,16,get_disposable_virtual_card
how long does it take to get my card i am in a rush,5,card_delivery_estimate
How do you calculate exchange rates?,13,exchange_rate
What steps do I take to verify my identity?,24,verify_my_identity
Why was my transaction not approved?,15,failed_transfer
Why can't I use my card?,7,card_not_working
What can I do to track the card you sent me?,4,card_arrival
How can I verify my indentity?,24,verify_my_identity
I am 16 and just started working at McDonalds can I deposit my checks at your bank?,1,age_limit
How long will it take to verify my account?,23,unable_to_verify_identity
You did not give me the correct exchange rate for an item that I bought.,8,card_payment_wrong_exchange_rate
im worried about fraud how do you protect my account,24,verify_my_identity
Can I get an account for my daughter?,1,age_limit
I question today's exchange rate for rubles into pounds. I was hoping for a better return.,8,card_payment_wrong_exchange_rate
"I received my new card, how is it activated?",0,activate_my_card
Why can't my transfer complete?,15,failed_transfer
"I had everything lined up to make a transfer, and then it rejected it.",10,declined_transfer
wheres my pin,17,get_physical_card
How do I find my PIN?,17,get_physical_card
Something is wrong with my top up and I can't see it. How do I find it?,22,topping_up_by_card
Why isn't my id verifying?,23,unable_to_verify_identity
What are the currency exchange fees?,12,exchange_charge
I only got $20 of the $100 that I attempted to withdraw.,28,wrong_amount_of_cash_received
How much more do you charge for currency exchange?,12,exchange_charge
"My card is broke, what do I do?",7,card_not_working
How can I transfer money using my credit card?,22,topping_up_by_card
There is a direct debit payment that I did not make.,11,direct_debit_payment_not_recognised
How can I see the progress of delivery of the card that was sent?,4,card_arrival
Why can't I see the top up I made?,22,topping_up_by_card
Tell me how I can verify a card top-up.,25,verify_top_up
"My transfer did not work, what was the reason?",15,failed_transfer
The ATM keeps declining my Transaction . I tried two different ATMs already Would you please check if everything is okay with my account?,9,declined_cash_withdrawal
What is the process to activate a card,0,activate_my_card
"If I have this card, which ATMs can I go to?",2,atm_support
Are there any hidden extra fees for currency exchanges?,12,exchange_charge
There's a debit on my account that I didn't do.,11,direct_debit_payment_not_recognised
Why hasn't payment gone through yet?,20,pending_card_payment
Help me. The passcode doesn't work.,19,passcode_forgotten
I think my card was stolen.,18,lost_or_stolen_card
looking back on my transactions from a couple of months ago I have noticed a charge that is fairly large that I'm certain was not completed by me. I know it has been a while but can I please dispute this charge?,11,direct_debit_payment_not_recognised
"A card has been sent to me, how do I track it?",4,card_arrival
How long until my new card gets here?,4,card_arrival
"My card arrived but I need to make it work in the app, how do I do that?",6,card_linking
"What stopped my transfer, from being accepted?",15,failed_transfer
The app does not know it is me.,23,unable_to_verify_identity
How's the exchange rate?,13,exchange_rate
Why did I not get all the cash I asked for?,28,wrong_amount_of_cash_received
Is there a reason that the ATM declined my transaction?,9,declined_cash_withdrawal
"There is an unexplained $1 charge on my statement, can you please explain this to me?",14,extra_charge_on_statement
A foreign purchase I made has the incorrect rate applied to it.,8,card_payment_wrong_exchange_rate
"I needed to send my friends some money urgently. I tried multiple times to transfer the money this morning, but the transfer keeps failing. Can you tell me why the transfer is getting rejected?",15,failed_transfer
Why is verifaction required for my Identity?,27,why_verify_identity
"In my statement, there was an extra €1 fee",14,extra_charge_on_statement
Why is identity verification mandatory?,27,why_verify_identity
How long will it take to activate my new card?,0,activate_my_card
What should I do if I lost my card?,18,lost_or_stolen_card
My withdrawal from the ATM was cancelled.,9,declined_cash_withdrawal
I am having trouble with the app recognizing me.,23,unable_to_verify_identity
i entered my pin in wrong and got it frozen. how many tries do i have,9,declined_cash_withdrawal
Why is there a $1 charge on my statement?,14,extra_charge_on_statement
I cannot verify my identity,23,unable_to_verify_identity
Will I have to wait much longer for my new card to arrive?,4,card_arrival
Am I limited to what ATM I can use my card?,2,atm_support
How come my card payment is still pending?,20,pending_card_payment
why and how soon do I have to have proof of identity to you?,27,why_verify_identity
Why isn't my PIN available yet?,17,get_physical_card
Where is my credit card that was to be mailed?,4,card_arrival
My virtual card isn't working. What do I do?,26,virtual_card_not_working
Why am I being asked to verify my identity?,27,why_verify_identity
Could I get tracking on the card?,4,card_arrival
How can I link the new card?,6,card_linking
What's the closest place to withdraw money?,2,atm_support
I haven't received my card and am worried it is lost.,4,card_arrival
The correct amount of cash was not received.,28,wrong_amount_of_cash_received
I don't have my access code for the app.,19,passcode_forgotten
What do I need for activation of my card?,0,activate_my_card
"When exchanging currencies, is there an extra fee?",12,exchange_charge
I can't use my card.,7,card_not_working
Is there a disposable virtual card?,16,get_disposable_virtual_card
I have a card payment that has been pending for some time and would like to know when it is going to go through.,20,pending_card_payment
Where do I go to reset my passcode?,19,passcode_forgotten
"Hi, I am disappointed to see such a bad exchange rate and hope you can assist me. Would you be able to confirm the official interbank exchange rate for me?",8,card_payment_wrong_exchange_rate
Why has my transfer been declined?,10,declined_transfer
My exchange rate is wrong when I get cash.,29,wrong_exchange_rate_for_cash_withdrawal
Card payment is showing as pending,20,pending_card_payment
What's the process for topping up my card?,22,topping_up_by_card
How do I open up an account for my child?,1,age_limit
Can you help me track my card?,4,card_arrival
help me with my transfer,15,failed_transfer
My identity can't be verified for some reason,23,unable_to_verify_identity
Can you explain to me the way to verify my top up has gone through?,25,verify_top_up
I cannot seem to find my PIN. Where is it?,17,get_physical_card
Why is my cash request and the amount I received different?,28,wrong_amount_of_cash_received
Can my children have their own account?,1,age_limit
"There was a transaction from two weeks ago from a business that I don't know. I'm fairly certain it wasn't me who made it, but is it an option to trace it to confirm?",11,direct_debit_payment_not_recognised
Verifying top-up cards necessary?,25,verify_top_up
How can I top up my account with a card?,22,topping_up_by_card
I made this payment days ago so why hasn't it gone through yet?,20,pending_card_payment
What can I do to verify my identity?,24,verify_my_identity
Can I get some help to get me card activated?,0,activate_my_card
I've been waiting ages and my PIN hasn't gotten here.,17,get_physical_card
There is a Direct Debit that I don't recognize.,11,direct_debit_payment_not_recognised
Why was my ATM withdrawal cancelled?,9,declined_cash_withdrawal
Why does top-up require verification?,25,verify_top_up
I didn't get all the cash I requested for at the ATM,28,wrong_amount_of_cash_received
I recently bought something in foreign currency and I am unsure of the exchange rate. Is this rate applied correctly?,8,card_payment_wrong_exchange_rate
What do I need to do for a PIN?,17,get_physical_card
"My card still hasn't arrived after two weeks, now what?",4,card_arrival
can i get a virtual card,16,get_disposable_virtual_card
Why am I unable to withdraw money even though in the past I've done it just fine?,9,declined_cash_withdrawal
i havent got my card,4,card_arrival
"I see an extra $1 charge on my statement, why is this?",14,extra_charge_on_statement
"Transfer unable to be completed, states 'declined'",10,declined_transfer
Why would my payment still show as pending?,20,pending_card_payment
Why can't I get cash out?,9,declined_cash_withdrawal
My wallet is empty even though I topped it up an hour ago.,22,topping_up_by_card
I do not have my pin,17,get_physical_card
Why do I get declined when I try to withdraw cash?,9,declined_cash_withdrawal
"My transfer failed, why did that happen?",15,failed_transfer
i did not get any money but still was charged,28,wrong_amount_of_cash_received
"It seems you keep declining my transfers. Before, it's always worked very well.Just now when I tried to buy something the card was declined. I tried more than once and it was the same thing each time.",10,declined_transfer
I need my card as quick as possible,5,card_delivery_estimate
Can I use my account without verifying identity?,27,why_verify_identity
Is the 1 pound charge I can see an error or an incorrect entry?,14,extra_charge_on_statement
I need clarity on why my card is not working.,7,card_not_working
How are exchange rates calculated at this bank?,13,exchange_rate
What are all the currencies and cards supported to use this?,21,supported_cards_and_currencies
Can I make transfers before identity verification?,27,why_verify_identity
Where is the closest ATM I can use?,2,atm_support
Could I chose the date to have it delivered?,5,card_delivery_estimate
Help me transfer money to my credit card.,22,topping_up_by_card
"Do I have to top up in euros if I use a card, or can I use a different currency?",21,supported_cards_and_currencies
I've completely forgot the code to get into the app.,19,passcode_forgotten
I haven't used my card all day but there is a payment showing in the app. Please cancel it!,11,direct_debit_payment_not_recognised
Is it possible to use an ATM when I am not in the country and make a withdraw with out extra fees?,29,wrong_exchange_rate_for_cash_withdrawal
Do you know the rate of exchange?,13,exchange_rate
What steps do I do to transfer money using my credit card?,22,topping_up_by_card
"I made a payment a while ago and it is still showing as ""pending"" in the account. How long will this payment take to complete?",20,pending_card_payment
I bought something in another country but the exchange rate is wrong,8,card_payment_wrong_exchange_rate
There is a strange charge on my debit statement,11,direct_debit_payment_not_recognised
The ATM wouldn't allow me to withdraw money,9,declined_cash_withdrawal
What's the expected wait time to recieve my new card?,4,card_arrival
"I just tried to top-up and now I'm getting an additional verification message, why?",25,verify_top_up
What if I don't want to disclose all of my identity details?,27,why_verify_identity
How do I verify the top-up?,25,verify_top_up
I would like to know what exchange rates you use?,13,exchange_rate
Do I have to do an identity check?,27,why_verify_identity
Can I activate my card with the app?,0,activate_my_card
How do I go through the identity checks?,24,verify_my_identity
The card I have doesn't work.,7,card_not_working
This Direct Debit payment may not be right.,11,direct_debit_payment_not_recognised
Can I have my card delivered on Tuesday?,5,card_delivery_estimate
What ATMs take this card?,2,atm_support
My client was converting their Russian ruble into UK pound currency when they noticed their bill was much too high for the exchange. What happened?,8,card_payment_wrong_exchange_rate
What currencies and methods can i use to top up my account?,21,supported_cards_and_currencies
What does it mean when a payment is pending?,20,pending_card_payment
Where can the pin be located?,17,get_physical_card
"Hey, I got charged extra for some reason when I purchased an app. Is this a hidden fee or something? I don't think it's very cool.",14,extra_charge_on_statement
I did not get the right amount of money when I used a different country's currency.,29,wrong_exchange_rate_for_cash_withdrawal
Why did you guys charge me an extra €1?,14,extra_charge_on_statement
I need help finding the verification code on the top up card.,25,verify_top_up
My transfer is failing when I try to do it.,15,failed_transfer
I did not get all the cash at ATM.,28,wrong_amount_of_cash_received
"When getting my ID checked, what are the steps involved?",24,verify_my_identity
Why didn't the ATM give me my money?,9,declined_cash_withdrawal
What should I do if I don't know my password?,19,passcode_forgotten
Some idiot stole my card.,18,lost_or_stolen_card
"I guess exchange rate for my payment was not correct, as i charged extra on the last saturday.",8,card_payment_wrong_exchange_rate
How do I see my card in the app?,6,card_linking
Is there a limit to auto top?,3,automatic_top_up
Are you sure this is the interbank exchange rate? This rate is really bad.,8,card_payment_wrong_exchange_rate
Where do I get a disposable virtual card?,16,get_disposable_virtual_card
It doesn't let me verify my identity.,23,unable_to_verify_identity
And what about the Card's PIN?,17,get_physical_card
Can you tell me where to find my top-up verification code?,25,verify_top_up
Why is the exchange rate for my payment incorrect?,8,card_payment_wrong_exchange_rate
Why was the exchange rate wrong when I got cash,29,wrong_exchange_rate_for_cash_withdrawal
Where in the app can I find my PIN?,17,get_physical_card
"When traveling, is it possible for it to add money at specific time intervals?",3,automatic_top_up
"I have been charged more than I should for the presents I bought when abroad, the problem seems to be the exchange rate.",8,card_payment_wrong_exchange_rate
I wanted to know what discounts were offered for current exchanges as it is something that occurs frequently.,12,exchange_charge
My card doesn't work. I can't get cash out at an ATM,9,declined_cash_withdrawal
Is it possible for me to track the card is was mailed to me?,4,card_arrival
The transfer I tried to make failed.,15,failed_transfer
What's the process for exchanges?,13,exchange_rate
I am still waiting for my card after 1 week. Is this ok?,4,card_arrival
What is the process for setting up and account for my child?,1,age_limit
My statement contained a one pound extra fee,14,extra_charge_on_statement
I'm trying to purchase a flat but i need my first payment for my mortgage to go through first. I keep getting an error. I'm not sure what is going on but i need help making this transfer.,15,failed_transfer
When can I expect my card to be delivered to the US?,5,card_delivery_estimate
"I looked at my statement, and there is a charge for 1£ that I don't recognize. Why is it on there?",14,extra_charge_on_statement
Should I complete my security verification before I can use my account?,27,why_verify_identity
I need to know if you will accept my credit card.,21,supported_cards_and_currencies
Can I call to get my card activated?,0,activate_my_card
Assist me please with card activation.,0,activate_my_card
Why on earth is the exchange rate so bad? Can I get a rate closer to the actual interbank rate?,8,card_payment_wrong_exchange_rate
Can it be delivered by a specific date?,5,card_delivery_estimate
Why would there be an extra charge on my app?,14,extra_charge_on_statement
Do you know if there is a tracking number for the new card you sent me?,4,card_arrival
I cannot use my card.,7,card_not_working
Why is my card payment still a pending transaction?,20,pending_card_payment
what does pending mean?,20,pending_card_payment
I tried to buy something online yesterday but it kept saying declined. Tried another time today but same thing happened. What's Broken?,10,declined_transfer
I can't seem to get my virtual card to work.,26,virtual_card_not_working
Why am I unable verify my id?,23,unable_to_verify_identity
I used my card top-up but all of the money is missing.,22,topping_up_by_card
Please send me a disposable virtual card.,16,get_disposable_virtual_card
How can I go about resetting my passcode?,19,passcode_forgotten
"I received my Virtual card information, but was unable to use it to make a purchase. Why did this happen and what can I do?",26,virtual_card_not_working
Can I get a full list of instructions for identity checks?,24,verify_my_identity
how can i add money from my amex card,21,supported_cards_and_currencies
How recent do my documents need to be for verification?,24,verify_my_identity
"I asked for a certain amount of money from the ATM, but it gave me a different amount. Less than what I asked for.",28,wrong_amount_of_cash_received
I bought some stuff this morning but the payment shows as pending,20,pending_card_payment
When should I expect my card to arrive?,5,card_delivery_estimate
"I tried to get money out of the Notting Hill ATM earlier, but I wasn't able to get it to work. Is my card with issue? It's the first time I tried using it.",9,declined_cash_withdrawal
Is there a fee to exchange foreign money?,12,exchange_charge
Is there an age minimum?,1,age_limit
The cash abroad exchange rate is applied wrong.,29,wrong_exchange_rate_for_cash_withdrawal
Card activation is not working. What do i do?,0,activate_my_card
oh my god I lost my card! what should I do?,18,lost_or_stolen_card
The ATM keeps rejecting my Payment. I tried two different ATMs but did not work .Can you please check if everything is okay with my account?,9,declined_cash_withdrawal
Rates were applied wrong while using foreign currency at an ATM.,29,wrong_exchange_rate_for_cash_withdrawal
Do i have to top-up with my credit card before I can transfer?,22,topping_up_by_card
I think my wallet fell out on the Tube today! I realized as soon as I got to my desk. How do I cut off the card?,18,lost_or_stolen_card
"The card I thought was lost was just in my jacket, so can I reactivate it since I found it this morning?",6,card_linking
can I choose a date for delivery?,5,card_delivery_estimate
WHAT IS THE SOLUTION OF THIS PROBLEM,4,card_arrival
Which currencies do you handle?,21,supported_cards_and_currencies
What ATMs can I use my card at?,2,atm_support
When will my card payment be done pending?,20,pending_card_payment
How do I activate my card so I can start using it?,0,activate_my_card
How long does it take for my payment to process?,20,pending_card_payment
"I would like to activate my card to use now, can you help me?",0,activate_my_card
My card was working but now it doesn't.,7,card_not_working
Why won't my virtual card work?,26,virtual_card_not_working
I tried to make a transfer and it failed.,15,failed_transfer
I thought I would have received my new card at this point.,4,card_arrival
What can you tell me about getting a virtual disposable card?,16,get_disposable_virtual_card
Trouble transferring transaction contact for help,10,declined_transfer
I was needing you to see if the exchange rate is correct from when i got cash,29,wrong_exchange_rate_for_cash_withdrawal
How much is the exchange fee?,12,exchange_charge
Are there any ATM machines near me?,2,atm_support
What is the expected delivery date for my card?,4,card_arrival
Please help me make a transfer. I keep receiving an error and I'm trying to make the initial mortgage payment for a flat I'm buying. What is the deal here?,15,failed_transfer
I exchanged cash when traveling and the rate was incorrect.,29,wrong_exchange_rate_for_cash_withdrawal
I did not receive the correct amount of cash.,28,wrong_amount_of_cash_received
I can't activate my card?,0,activate_my_card
"I tried to withdraw $100, all it gave me was $20.",28,wrong_amount_of_cash_received
What exchange rate will I receive?,13,exchange_rate
There is a payment I don't recognise!,11,direct_debit_payment_not_recognised
Why was the exchange rate incorrect for an item I recently bought?,8,card_payment_wrong_exchange_rate
What is the dollar that I have pending on my statement there?,14,extra_charge_on_statement
Is there a way to link the card i just got?,6,card_linking
"I've been to several different countries, can I exchange the cash with a discount for a large transaction?",12,exchange_charge
what are you going to use my identification details for?,27,why_verify_identity
What is my password?,19,passcode_forgotten
What is the fee for accepting money from a foreign country?,12,exchange_charge
Are you ripping people off with the exchange rate? It can't be that atrocious between banks.,8,card_payment_wrong_exchange_rate
How will I know my pin number?,17,get_physical_card
I'd like to know what you guys look at to decide an exchange rate,13,exchange_rate
Why is it showing that my account has been charged a dollar that is showing as pending?,14,extra_charge_on_statement
I want to get a disposable virtual card.,16,get_disposable_virtual_card
Tell me more about getting a virtual disposable card.,16,get_disposable_virtual_card
My card has been stolen what do I do?,18,lost_or_stolen_card
"My card payment is just showing up as pending since forever, what's going on with that, it should be going through at some point?",20,pending_card_payment
Do I need any kind of proof for the identity check?,24,verify_my_identity
how do I link an already existing card?,6,card_linking
I need to find the top up verification code,25,verify_top_up
What is the first step that I should take after my card has been stolen?,18,lost_or_stolen_card
Do I need to verify my top-up?,25,verify_top_up
"There is a pending payment on my account, what does this mean?",20,pending_card_payment
Can you tell me how to top up on my card?,22,topping_up_by_card
The ATM isn't giving out any money.,9,declined_cash_withdrawal
How long will it take to get to the US?,5,card_delivery_estimate
Is there a tracking number for the card you sent me?,4,card_arrival
What is the status of my card's delivery?,4,card_arrival
I need help activating my new card.,0,activate_my_card
Machines make mistakes too! The ATM gave me the wrong amount of money. Too much!,28,wrong_amount_of_cash_received
There is a payment that i made that i noticed has not gone thru yet. Can i ask why?,20,pending_card_payment
Why hasn't my ID been verified?,23,unable_to_verify_identity
Why can I not take out cash?,9,declined_cash_withdrawal
"I just checked my statement and saw a $1 charge, why is it there?",14,extra_charge_on_statement
I cant find my card.,18,lost_or_stolen_card
My ATM withdrawal was declined.,9,declined_cash_withdrawal
Can I have my card delivered on a specific day?,5,card_delivery_estimate
What about a auto top-up?,3,automatic_top_up
What kind of currencies can I use to add money?,21,supported_cards_and_currencies
Help me verify my identification.,23,unable_to_verify_identity
Is the exchange rate the same on weekends as the weekdays?,13,exchange_rate
The exchange rate for my transaction last Saturday seems to have been wrong I got charged extra. Please fix.,8,card_payment_wrong_exchange_rate
Where can I find the verification code for the top up card?,25,verify_top_up
where can user find pin?,17,get_physical_card
Is my card ready for use or does it need activated and if so how?,0,activate_my_card
What other credit cards can I use?,21,supported_cards_and_currencies
Which ATMs take the card?,2,atm_support
I cannot seem to use my card.,7,card_not_working
what is the exchange rate when i get cash,29,wrong_exchange_rate_for_cash_withdrawal
Currently I can't get my card to work.,7,card_not_working
How can I find your exchange rates?,13,exchange_rate
Why is their a charge pending on my card still?,20,pending_card_payment
Shouldn't my new card be here by now?,4,card_arrival
Is there any cost to change foreign money to local?,12,exchange_charge
When will I get my new card?,4,card_arrival
"I just got my new card, how do I activate it?",0,activate_my_card
I have a strange direct debit in my statement,11,direct_debit_payment_not_recognised
Do you accept all cards and currencies?,21,supported_cards_and_currencies
Who do I call to activate my new card?,0,activate_my_card
can you top up your account automatically,3,automatic_top_up
How about disposable virtual cards?,16,get_disposable_virtual_card
What types of cards and money do you accept?,21,supported_cards_and_currencies
what is the identity check?,27,why_verify_identity
Why can't I see my PIN?,17,get_physical_card
is there a reason i need to verify top up,25,verify_top_up
Why do I need to verify my account?,27,why_verify_identity
What is the exchange looking like?,13,exchange_rate
Why doesn't my passcode work?,19,passcode_forgotten
What do you require for identification verification?,24,verify_my_identity
"My card has been pending for a while, what should I do?",20,pending_card_payment
Can a credit card be used to transfer money?,22,topping_up_by_card
What is the verification code for my top up card?,25,verify_top_up
I don't understand why you want so much of my personal info.,27,why_verify_identity
What's the limit for auto top-up?,3,automatic_top_up
"Why does the ATM continually decline my card? I've tried multiple times on different machines with the same results. I thought I had enough funds for this, so please help me understand why this is happening.",9,declined_cash_withdrawal
What currency is acceptable for a top up?,21,supported_cards_and_currencies
Would you be so kind as to activate my card? Thanks,0,activate_my_card
"help, lost my card",18,lost_or_stolen_card
Is there a strict timeline regarding disputing transactions made on my account? I just noticed a fraudulent charge on a statement from a couple months ago.,11,direct_debit_payment_not_recognised
Where did this fee come from?,14,extra_charge_on_statement
What do I do if my card has been lost or stolen?,18,lost_or_stolen_card
Why are my transfers not going through. I have tried over 4 times to get it to work. This is just a simple transfer. Is something else causing this in the system? Is it broken?,15,failed_transfer
"I'm going to be away for awhile, can I have it add money automatically in certain intervals?",3,automatic_top_up
I need help with understanding why my card is not working.,7,card_not_working
I've been waiting longer than expected for my card.,4,card_arrival
What is the process to create a disposable virtual card?,16,get_disposable_virtual_card
"I don't know what's wrong with my card, but it has not worked at multiple places today.",7,card_not_working
Tell me why my virtual disposable card won't work.,26,virtual_card_not_working
I want to transfer money with my credit card.,22,topping_up_by_card
Is there a reason my transfer would have been declined?,10,declined_transfer
Was there a way for me to get tracking for that?,4,card_arrival
What documentation is needed for the identity check?,24,verify_my_identity
How do I link the new card that I just got from you guys?,6,card_linking
Transfer declined.,10,declined_transfer
My credit card payment has been in pending status for a super long time. I don't get it. Why is it like this? When will it go through?,20,pending_card_payment
I'm trying to figure out the current exchange rate.,13,exchange_rate
"I tried to make a transfer, but it was declined. Can you tell me why?",10,declined_transfer
How long does it take for a new purchase to stop being considered pending?,20,pending_card_payment
Why is my card payment pending?,20,pending_card_payment
Will there be a charge for exchanging foreign currency?,12,exchange_charge
How do I activate a card I received?,0,activate_my_card
The exchange rate you are using is bad.This can't be the official interbank exchange rate.,8,card_payment_wrong_exchange_rate
What is the minimum age?,1,age_limit
Is it possible to top-up automatically?,3,automatic_top_up
"i needed money for a night out with the girls but i was declined, why?",9,declined_cash_withdrawal
Why am I not allowed to verify my id?,23,unable_to_verify_identity
"My entire gym bag, including my wallet, was stolen out of my locker today. Everything in my wallet is gone - how do I block the card to make it can't be used?",18,lost_or_stolen_card
There is a payment that has not processed.,20,pending_card_payment
What is your opinion on the exchange rate?,13,exchange_rate
"In the app, how can I make it show the new card that arrived?",6,card_linking
How do I add the card I just received to show up in the app?,6,card_linking
"If I exchange currencies on a regular basis, is there a discount?",12,exchange_charge
I asked for cash but I did not receive all the funds,28,wrong_amount_of_cash_received
I left my card at a restaurant and now its missing.,18,lost_or_stolen_card
I noticed that the exchange rate applied to a recent purchase I made abroad was incorrect.,8,card_payment_wrong_exchange_rate
The app is showing that I received alot more money than I actually received from the ATM. This occurred earlier today.,28,wrong_amount_of_cash_received
When do i activate auto top-up?,3,automatic_top_up
How many years old do I have to be?,1,age_limit
Can I use the card at any cash machine?,2,atm_support
You applied the wrong exchange rate while I was traveling outside the country.,29,wrong_exchange_rate_for_cash_withdrawal
Do you have a children account available?,1,age_limit
What do I do if I forget my passcode? Because I did.,19,passcode_forgotten
Help. My card is broken.,7,card_not_working
Help me get the virtual card working.,26,virtual_card_not_working
I want to use my account before identity verification,27,why_verify_identity
I got $20 when I should've gotten $100,28,wrong_amount_of_cash_received
How do the foreign exchange rates work?,13,exchange_rate
I see a direct debit that isn't mine? How can I get my money back?,11,direct_debit_payment_not_recognised
"I want to reactivate my card, I thought I had lost it but I found it.",6,card_linking
Shopping on line I was declined when trying to buy something.,10,declined_transfer
What is needed for identity verification?,24,verify_my_identity
The wrong exchange rate was used when I bought something with a foriegn currency.,8,card_payment_wrong_exchange_rate
I've been trying to make a transfer and it doesn't seem to be working. (5 times) What is wrong with your system?,15,failed_transfer
What is happening? I have tried to transfer money 5x already. Is the system down? This shouldnt be happening as this is a basic transfer.,15,failed_transfer
How long will my payment be pending?,20,pending_card_payment
Where did the €1 fee in my statement come from,14,extra_charge_on_statement
I am still waiting for verification. Can I use my account before I am verified?,27,why_verify_identity
My card needs to be topped up.,22,topping_up_by_card
How old do you have to be to be able to open an account?,1,age_limit
Can I set up to my account to automatically top up?,3,automatic_top_up
Can you help me transfer money into my friend's bank account? I tried to do it but it keeps rejecting me. I need to get the money in there asap. I have enough and all the account info is correct.,15,failed_transfer
How do I add a new card?,6,card_linking
There is a mysterious debit transaction on my statement,11,direct_debit_payment_not_recognised
how come when i got cash the exchange rate was different than it should be,29,wrong_exchange_rate_for_cash_withdrawal
I was unable to activate my card.,0,activate_my_card
Is my PIN recorded anywhere?,17,get_physical_card
What is the meaning of a pending payment?,20,pending_card_payment
It won't let me verify my identity.,23,unable_to_verify_identity
When will my pending payment finish?,20,pending_card_payment
Are there any extra hidden fees for exchanging currencies?,12,exchange_charge
I would like to create a disposable virtual card. How do I go about doing that?,16,get_disposable_virtual_card
I am seeing in the App a diret debit that its not mine,11,direct_debit_payment_not_recognised
what is the word?,11,direct_debit_payment_not_recognised
virtual card won't work for me,26,virtual_card_not_working
"I used my card to make a payment a while ago and its still pending, Why is it taking so long?",20,pending_card_payment
I see my transfer was declined.,10,declined_transfer
"When I received my cash, the exchange rate was wrong.",29,wrong_exchange_rate_for_cash_withdrawal
"I don't know what my passcode is, can you help?",19,passcode_forgotten
The app doesn't think that I am myself,23,unable_to_verify_identity
How long will this card payment stay pending?,20,pending_card_payment
Can I activate a card in the app?,6,card_linking
When I was in a restaurant today my card was declined and payment wouldn't go through and I need help. Can you fix this?,7,card_not_working
What to do if my physical card is not working?,7,card_not_working
How long until my card will get here?,5,card_delivery_estimate
Can you help me reset my passcode? I forgot it.,19,passcode_forgotten
"Can you help me with my card, I think it's broke.",7,card_not_working
I think the exchange rate was incorrect.,29,wrong_exchange_rate_for_cash_withdrawal
Is there a daily auto top-up limit?,3,automatic_top_up
When will the $1 transaction be credited to me?,14,extra_charge_on_statement
How do I know when my new card is going to arrive?,4,card_arrival
Can I use this app for any currency?,21,supported_cards_and_currencies
Why does my card continually get declined? I thought I had enough money in there but I've tried several times now and it still isn't working.,10,declined_transfer
What is the purpose of the extra fee that is showing up on my statement?,14,extra_charge_on_statement
While on vacation I used an ATM to get cash and was overcharged. These charges are ridiculous and had I known about them I would have never used it.,29,wrong_exchange_rate_for_cash_withdrawal
Can I already use my account although the identity verification has not passed yet?,27,why_verify_identity
Why was I declined from getting cash?,9,declined_cash_withdrawal
I would like my card activated.,0,activate_my_card
How can I get disposable virtual cards?,16,get_disposable_virtual_card
My card has not arrived yet.,4,card_arrival
What can I do to make my physical card work?,7,card_not_working
When can I expect my card?,5,card_delivery_estimate
My bags were stolen. I need a new card but need to cancel the stolen one.,18,lost_or_stolen_card
What is the point of verifying a top up?,25,verify_top_up
What is the system for determining the exchange rate?,13,exchange_rate
"I tried using a foreign currency at an ATM, but the ATM provided me an incorrect rate. Why is that?",29,wrong_exchange_rate_for_cash_withdrawal
What ATMs can I use my card?,2,atm_support
I am trying to make a transfer to a different account but they keep getting declined. I have double checked all the details and the information is correct.,10,declined_transfer
I keep being asked to verify my identity. Is this normal?,27,why_verify_identity
I made an ATM withdrawal over the holiday and then later realized I was charged an exorbitant fee! I never would've made this withdrawal if I'd known I'd be charged so much.,29,wrong_exchange_rate_for_cash_withdrawal
I didn't get the right amount of cash because of the exchange rate.,29,wrong_exchange_rate_for_cash_withdrawal
How long does shipping take to get to a US destination?,5,card_delivery_estimate
How do I receive a disposable virtual card?,16,get_disposable_virtual_card
What can you tell me about the card PIN?,17,get_physical_card
My card still hasn't been delivered,4,card_arrival
How do I request the PIN?,17,get_physical_card
Why do you require all my identity details?,27,why_verify_identity
What forms of ID should I use for verification?,24,verify_my_identity
"I used my card to top up, but the money is not there!",22,topping_up_by_card
Please help me. I don't know my code to get into the app.,19,passcode_forgotten
Why doesn't my card work for any transactions?,7,card_not_working
the exchange rate I got for cash was wrong,29,wrong_exchange_rate_for_cash_withdrawal
Can I add money to my card automatically during a trip?,3,automatic_top_up
I requested money from the ATM and it didn't give me as much as I requested.,28,wrong_amount_of_cash_received
The machine gave me the wrong amount of cash.,28,wrong_amount_of_cash_received
Why does top-up need to be verified?,25,verify_top_up
Can I get information on the identity checks?,24,verify_my_identity
Am I able to track a card that has already been sent?,4,card_arrival
"Declined, transfer not completed.",10,declined_transfer
I didn't get all the cash I asked for,28,wrong_amount_of_cash_received
What do I do to Top up my card?,22,topping_up_by_card
I've been charged an extra £1 and I don't know why,14,extra_charge_on_statement
A wrong exchange rate was applied to a transaction made abroad.,29,wrong_exchange_rate_for_cash_withdrawal
How do I dispute a debit that I didn't make?,11,direct_debit_payment_not_recognised
"It's declining my transfers. Normally this works, but my card is being declined now and I've tried more than once.",10,declined_transfer
Why didn't my transfer work?,15,failed_transfer
Why is my card payment still pending?,20,pending_card_payment
Are there extra charges for exchanging currency?,12,exchange_charge
What currencies are accepted to add money?,21,supported_cards_and_currencies
Where in the app do I go to verify my identity?,24,verify_my_identity
I don't have any idea what's going on but all of my transfers keep getting declined. I have double-checked over all of my recipient names and they are correct.,10,declined_transfer
If I order a card when does it arrive?,5,card_delivery_estimate
What foreign exchange rate will you use?,13,exchange_rate
"Hi, I am unable to use my card in ATM. I had tried my card in two ATMs but both ATMs declined it. Could you please check my account?",9,declined_cash_withdrawal
How do I link this new card?,6,card_linking
The exchange rate you are using is really bad. This can't possibly be the official interbank exchange rate.,8,card_payment_wrong_exchange_rate
I don't know what a pending payment is.,20,pending_card_payment
Need help with my card. It's not working.,7,card_not_working
"I just activated auto top-up, but it is not letting me enable it. Why not?",3,automatic_top_up
What is wrong with the exchange rate? This should have been a much higher amount of cash for that to apply.,29,wrong_exchange_rate_for_cash_withdrawal
Oh no! I lost my card! Help!,18,lost_or_stolen_card
Can I verify my identity online?,24,verify_my_identity
I don't know where a direct debit payment came from,11,direct_debit_payment_not_recognised
Where's the money that got charged to my card? It's not showing up in my account balance,22,topping_up_by_card
If my identy verifacation hasn't gone through can I use my account?,27,why_verify_identity
The exchange rate for me was wrong when I was abroad.,29,wrong_exchange_rate_for_cash_withdrawal
Can I use this card at an ATM?,2,atm_support
How long does it take for the card to come?,5,card_delivery_estimate
I was declined when I tried to withdraw cash!,9,declined_cash_withdrawal
Why was my atm withdrawl declined,9,declined_cash_withdrawal
how do i get a pin for my card,17,get_physical_card
I asked for more cash than what was received,28,wrong_amount_of_cash_received
When I got cash the exchange rate was wrong,29,wrong_exchange_rate_for_cash_withdrawal
the conversion value for my card payments is incorrect.,8,card_payment_wrong_exchange_rate
Please tell me what the exchange fee is.,12,exchange_charge
I can't recall my password.,19,passcode_forgotten
"I needed some cash while abroad, and I'm pretty sure the wrong exchange rate was applied.",29,wrong_exchange_rate_for_cash_withdrawal
What am I going to need in order to verify my identity?,24,verify_my_identity
How often do your exchange rates change,13,exchange_rate
My payment had a wrong exchange rate.,8,card_payment_wrong_exchange_rate
What cards and currencies can I use?,21,supported_cards_and_currencies
An overseas cash transfer did not work correctly,29,wrong_exchange_rate_for_cash_withdrawal
What is the estimated date for delivery to US?,5,card_delivery_estimate
I couldn't make a transfer,15,failed_transfer
The app will not let me into my account.,23,unable_to_verify_identity
I purchased an item and the exchange rate I was given was incorrect.,8,card_payment_wrong_exchange_rate
Can you help me reset my password?,19,passcode_forgotten
I would like to link my card. How do I do it?,6,card_linking
"I'm trying to verify my top up card, how do I do that?",25,verify_top_up
how to get card pin?,17,get_physical_card
I made a payment with my card and it hasn't changed. How long do you think this will take?,20,pending_card_payment
"I can't find my card, it is lost.",18,lost_or_stolen_card
I forgot the code I need to get into the app.,19,passcode_forgotten
How do I request a disposable virtual card?,16,get_disposable_virtual_card
My bag got stolen with all my cards. Can you please cancel my card and send a new one?,18,lost_or_stolen_card
I was unable to transfer money from my account.,15,failed_transfer
How do I link a new payment card?,6,card_linking
maximum how many days get the courier?,4,card_arrival
My card is not working when I try to use it.,7,card_not_working
Verifying the top-up seems like a hassle.,25,verify_top_up
Why is it necessary to verify the top up?,25,verify_top_up
I can't get money out of the ATM. Is my card actually working? It's the first time I tried using it,9,declined_cash_withdrawal
"I want to deposit funds, what payments are accepted?",21,supported_cards_and_currencies
Do currency exchanges cost extra?,12,exchange_charge
How can I reset my passcode?,19,passcode_forgotten
If my kids wanted to use your service how old would they have to be?,1,age_limit
What do I do now that I can't use this card?,7,card_not_working
I have a card payment which shows as pending,20,pending_card_payment
"I bought something, but the exchange rate looks wrong.",8,card_payment_wrong_exchange_rate
Will you accept my other card from the U.S.?,21,supported_cards_and_currencies
What do I have to do to get the virtual card to work?,26,virtual_card_not_working
"I draw out money from your ATM during holidays, and was charged insanely. I wouldn't have done it, if i had a little sense about the shocking charges.",29,wrong_exchange_rate_for_cash_withdrawal
Is there a disposable virtual card option?,16,get_disposable_virtual_card
Why did I only get $20 now the full amount I wanted?,28,wrong_amount_of_cash_received
I tried to buy something online yesterday but it wouldn't stop saying declined. Tried again today but same thing happened. What's Broken?,10,declined_transfer
How old do my kids have to be to use your service?,1,age_limit
Is it possible to get a disposable virtual card as well?,16,get_disposable_virtual_card
what's the process for getting a disposable virtual card?,16,get_disposable_virtual_card
What do I do if the ATM didn't give me the correct amount I withdrew? I pulled out 30 pounds and the ATM gave me 10 pounds.,28,wrong_amount_of_cash_received
"Hello, I made a payment with my card and it's not working. It's been a while and still says its pending. Can you tell when this will go through?",20,pending_card_payment
I'm not able to verify my identity.,23,unable_to_verify_identity
I found my old card. Can I link it back into the app?,6,card_linking
What are the cards and currencies that are supported?,21,supported_cards_and_currencies
What value can I get for my currency?,13,exchange_rate
IS there a fee to exchange currency?,12,exchange_charge
Can I verify my top-up card?,25,verify_top_up
How can I tell if an AMT will take this card?,2,atm_support
Can you change the rate for the item I bought in a different currency as it is wrong?,8,card_payment_wrong_exchange_rate
What is the tracking number for my card that was mailed?,4,card_arrival
Why is there a direct debit payment on my statement that I didn't do?,11,direct_debit_payment_not_recognised
I feel as though I have been over charged for the exchange rate on my payment on last Saturday.,8,card_payment_wrong_exchange_rate
Where can I find the verification code on a top-up card?,25,verify_top_up
Could you assist me in finding my lost card?,18,lost_or_stolen_card
The ATM I'm standing in front of only gave me 10 pounds rather than the 30 pounds I wanted. The app shows I took out 30 pounds also. What do I need to do to fix this?,28,wrong_amount_of_cash_received
What is the appropriate age for my child to be able to open an account?,1,age_limit
I just got my new card but am not sure how to check its PIN.,17,get_physical_card
Can I put my old card back in the app?,6,card_linking
My transfer did not seem to work.,15,failed_transfer
I'm worried my card might be lost in the mail? How long does it usually take to arrive?,5,card_delivery_estimate
"I have made a payment by my card, and its still pending since a long time. Could you please tell me when it will process.",20,pending_card_payment
I made a payment that is not yet complete.,20,pending_card_payment
"When I bought something abroad, the exchange rate was wrong.",8,card_payment_wrong_exchange_rate
It says pending status for my payment. Why?,20,pending_card_payment
What do you base your exchange rates on?,13,exchange_rate
What is the base amount for cross-currency exchanges?,12,exchange_charge
Please tell me what this direct debit in my statement is,11,direct_debit_payment_not_recognised
Is my credit card supported for top-ups?,21,supported_cards_and_currencies
How long does a card delivery take?,4,card_arrival
"For the identity check, what kind of documents do I need to have?",24,verify_my_identity
How do I open an account for my children?,1,age_limit
"I think something went wrong, I didn't get the right amount.",28,wrong_amount_of_cash_received
"With my new card, how may I activate it?",0,activate_my_card
Why is your exchange rate so bad?,8,card_payment_wrong_exchange_rate
"I have been waiting longer than expected for my bank card, could you provide information on when it will arrive?",4,card_arrival
how do i add money from my amex card to top up,21,supported_cards_and_currencies
What cards to do you support to top up.,21,supported_cards_and_currencies
What do you need for the identity verification,24,verify_my_identity
What do I do if I have forgotten my passcode?,19,passcode_forgotten
I would like a temporary virtual card,16,get_disposable_virtual_card
I think the currency exchange that's been applied is wrong.,8,card_payment_wrong_exchange_rate
I tried to use my card today in the restaurant but it didn't work and just got declined. What's wrong?,7,card_not_working
still waiting on my new card,4,card_arrival
"I'm not sure what to do about the PIN, because I don't have one yet.",17,get_physical_card
Where can I activate my card?,0,activate_my_card
How do I fix my card if it is broken?,7,card_not_working
I haven't received my card.,4,card_arrival
I think something went wrong with my exchange between Russian Ruble and UK pounds. I was overcharged during the swap.,8,card_payment_wrong_exchange_rate
What should I do if my card doesn't work?,7,card_not_working
My new card hasn't came in.,4,card_arrival
I can't recognise this Direct Debit payment.,11,direct_debit_payment_not_recognised
I have a payment that has not gone through yet,20,pending_card_payment
I don't understanfd how to top up,22,topping_up_by_card
what are the exchange rates for getting cash,29,wrong_exchange_rate_for_cash_withdrawal
My cash withdrawal was partly declined,28,wrong_amount_of_cash_received
what happened to the money after i put in the wrong info and it got declined,22,topping_up_by_card
I found the exchange rate for my cash withdrawal is wrong,29,wrong_exchange_rate_for_cash_withdrawal
How old do I have to be?,1,age_limit
Where do I find my code to verify my top-up card?,25,verify_top_up
Why did my transfer fail?,15,failed_transfer
After purchasing an item I noticed the exchange rate was incorrect.,8,card_payment_wrong_exchange_rate
What do I need to do to get cash back? The ATM gave me the wrong amount that I requested but the app is showing the amount to be correct.,28,wrong_amount_of_cash_received
How old do my kids need to be to use your service?,1,age_limit
It's been a week since you issued me a card and I still didn't get it. Should I keep waiting?,4,card_arrival
Can you tell me what to do to reset my passcode?,19,passcode_forgotten
Do I have to manually top up once I'm too low?,3,automatic_top_up
This is the first time I've tried to get my money out of an ATM and it didn't work. Please give me my money,9,declined_cash_withdrawal
It looks like a payment I've made hasn't made it through yet.,20,pending_card_payment
Is there a charge for a foreign currency exchange?,12,exchange_charge
Why is my card not working?,7,card_not_working
why do I have a pending payment?,20,pending_card_payment
Why was I charged an extra pound?,14,extra_charge_on_statement
HOW LONG THE CARD VALIDITY,7,card_not_working
How do i secure a top-up card?,25,verify_top_up
Why was the exchange rate different when I withdrew my cash?,29,wrong_exchange_rate_for_cash_withdrawal
How do i find my top-up card's verification code?,25,verify_top_up
Where do I go to verify my identity?,24,verify_my_identity
How can my friends top up my account?,22,topping_up_by_card
How can I use American Express to add money to my account?,21,supported_cards_and_currencies
Have have a small charge on my account from someone I purchased with but I'm not sure what it relates to.,14,extra_charge_on_statement
i am under 18 and i am trying to verify my id. why wont it work?,23,unable_to_verify_identity
The ATM gave me less cash than I requested,28,wrong_amount_of_cash_received
I just noticed my transfer was declined and I don't know why. Can you help me?,10,declined_transfer
I lost my card n need a new one.,18,lost_or_stolen_card
Your exchange rates come from where?,13,exchange_rate
I used an ATM in a foreign currency but the rate applied is wrong!,29,wrong_exchange_rate_for_cash_withdrawal
Why is there a direct debit to my account? I didn't do that.,11,direct_debit_payment_not_recognised
"My transfer was declined, why is that?",10,declined_transfer
2 weeks ago I ordered my new card. It isn't here. What should I do?,4,card_arrival
How long does it take to get my card? Can I choose when to receive it?,5,card_delivery_estimate
How will I know what the exchange rate is?,13,exchange_rate
"Hearing about your verification results from us may take anywhere from 10 minutes to approximately one hour. If this verification has in fact, failed, double-check to make sure that your images are clear. Also make sure that your document photos have no blur or glare. They need to be readable. You must also be 18 years of age or older and be a resident of Switzerland or the European Economic Area to open an account.",23,unable_to_verify_identity
Am I allowed to get an account for my daughter?,1,age_limit
Is it possible to have a discount for exchanging currency frequently?,12,exchange_charge
"I'm trying to verify my top-up card, but I can't find the code...?",25,verify_top_up
Why should I have to prove my identity?,27,why_verify_identity
I think my card is stolen!,18,lost_or_stolen_card
Is there a problem with the payment that I see is still pending?,20,pending_card_payment
I don't know my password,19,passcode_forgotten
Explain the activation method for this card,0,activate_my_card
Why is there an extra pound charge that is pending?,14,extra_charge_on_statement
I need a new login code,19,passcode_forgotten
My exchange rate isn't correct.,8,card_payment_wrong_exchange_rate
Do you offer a discount on multiple currency exchanges?,12,exchange_charge
Where is the PIN number found?,17,get_physical_card
Can I use any currency to add money?,21,supported_cards_and_currencies
"I think there may be something wrong with my card. I have never had issues with withdraws before, but this morning on the way to work it was suddenly declined.",9,declined_cash_withdrawal
I see a charge of 1L I do not recognize on my statement,14,extra_charge_on_statement
I would like to get help from someone with activating my card.,0,activate_my_card
Someone has taken my money and I don't know who,11,direct_debit_payment_not_recognised
Help! My card isn't working at the ATM and I know I used the right PIN. Trying to get my money.,9,declined_cash_withdrawal
I tried to use my card to top up but all of the money has disappeared.,22,topping_up_by_card
why was a transfer declined,10,declined_transfer
Please tell me how to verify my top up card.,25,verify_top_up
Why do you require so many details about my identity?,27,why_verify_identity
Can you help me figure out what is going on with a debit payment that is showing up on my account I am not sure is suppose to be there.,11,direct_debit_payment_not_recognised
My card wants to be topped what do you guys support?,21,supported_cards_and_currencies
I only have a card from the US is that okay?,21,supported_cards_and_currencies
"Could you help me reactivate my card? It was previously lost, but I found it this morning in my jacket.",6,card_linking
Can i get a throw away card,16,get_disposable_virtual_card
Can I use any card and currency?,21,supported_cards_and_currencies
What cash stations take this card?,2,atm_support
Please explain why my transfer attempt was declined. Thank you.,10,declined_transfer
"Just received my replacement card, what steps do i need to take to activate it?",0,activate_my_card
I didn't make this direct debit transaction,11,direct_debit_payment_not_recognised
What currencies and cards do you support?,21,supported_cards_and_currencies
I would like to have assistance with activating my card.,0,activate_my_card
There is a direct debit transaction that I did not authorize,11,direct_debit_payment_not_recognised
Why won't my transfer go through?,15,failed_transfer
My pin isn't here yet,17,get_physical_card
Can you provide information for freezing my card immediately?,18,lost_or_stolen_card
I'm getting an error when trying to make a payment. I want to purchase a flat but my mortgage payment needs to go through. Can you help me?,15,failed_transfer
How can I find an ATM that accepts this card?,2,atm_support
Is there a way to transfer funds directly from my card?,22,topping_up_by_card
what do i do if my verification failed,23,unable_to_verify_identity
How can I periodically check the delivery of the card you sent?,4,card_arrival
Can you tell me why you won't let me get my own money out of the money machine? I know I used the right PIN.,9,declined_cash_withdrawal
I can't find the PIN.,17,get_physical_card
Tell me about the card PIN?,17,get_physical_card
My transfer was declined,10,declined_transfer
Why do I need top-up to be verified?,25,verify_top_up
What is the identity verification process?,24,verify_my_identity
"If I need delivery on a certain day, is that something that could be accommodated?",5,card_delivery_estimate
when i travel can it top up automatically,3,automatic_top_up
"Ordered awhile back, what is the ETA in the US?",5,card_delivery_estimate
What is my identification used for?,27,why_verify_identity
unsupported transfer declined,10,declined_transfer
Can I link an existing card?,6,card_linking
I'd like to know what the foreign exchange rate will be.,13,exchange_rate
Has there been any activity on my card today?,18,lost_or_stolen_card
Why is top-up verified?,25,verify_top_up
How do you come up with your exchange rate,13,exchange_rate
I think the exchange rate is wrong for my ATM withdrawal,29,wrong_exchange_rate_for_cash_withdrawal
I would like to know how I can verify my Identity.,24,verify_my_identity
"Is there a local ATM that will provide British pounds, I have no money for my homeward journey and do not feel comfortable waiting until I arrive in Britain. Will a withdrawal involve extra charges?",29,wrong_exchange_rate_for_cash_withdrawal
"I have been charged to much for the object I bought when abroad, the exchange rate seems to be wrong.",8,card_payment_wrong_exchange_rate
My withdrawal was cancelled.,9,declined_cash_withdrawal
"I've obtained the card, how do I enable it on the app?",6,card_linking
How do I verify my identity online,24,verify_my_identity
I am still waiting for my card.,4,card_arrival
How do I go about transferring money using my credit card?,22,topping_up_by_card
"I have a direct debit transaction I have not set up, but would like to .",11,direct_debit_payment_not_recognised
My statement shows and extra 1$ that was charged to it and I would like to know why.,14,extra_charge_on_statement
How do I top up on my card?,22,topping_up_by_card
Help my verify my id.,23,unable_to_verify_identity
would I need to pay extra for exchanging currencies?,12,exchange_charge
I need assistance to activate the card on my account.,0,activate_my_card
My transfer didn't work how come?,15,failed_transfer
My identity hasn't been verified. Can I use my account?,27,why_verify_identity
Is there a disposable virtual card I can order?,16,get_disposable_virtual_card
My purchases from this morning still have pending payments.,20,pending_card_payment
I do not have the information to verify my identify.,23,unable_to_verify_identity
Can I set up an automatic top-up for travel.,3,automatic_top_up
"I need the right foreign money, at the right rate, at ATMs, when I go abroad.",29,wrong_exchange_rate_for_cash_withdrawal
I just purchased a disposable virtual card. Am I able to use it for online purchases immediately?,16,get_disposable_virtual_card
"For a week now, I have tried to use my card and it is still not working.",7,card_not_working
The ATM won't let me take out cash,9,declined_cash_withdrawal
Is this card accepted by ATMs?,2,atm_support
My exchange went wrong. I swapped Russian Ruble for UK pounds and was charged too much.,8,card_payment_wrong_exchange_rate
"You keep declining my transfers? It's always been working really well so far, but when I tried to buy something just now the card got declined. I tried couple times already but same thing.",10,declined_transfer
Could you please activate my card,0,activate_my_card
why does the app show a direct debit payment that I did not authorize,11,direct_debit_payment_not_recognised
I think I was charged by mistake on my debit statement.,11,direct_debit_payment_not_recognised
"app malfunctioning, does not know its me",23,unable_to_verify_identity
I am travelling and I tried to withdraw cash but didn't get what I was supposed to get.,29,wrong_exchange_rate_for_cash_withdrawal
Why is my card payment still listed as pending?,20,pending_card_payment
Do i need to verify my top up?,25,verify_top_up
A direct debit payment I didn't do shows in my app,11,direct_debit_payment_not_recognised
I might need a new card because it's not working at any of the ATMs. I don't think ive used all my money. Why is it doing this?,9,declined_cash_withdrawal
Why is the exchange rate different than expected on my transaction?,29,wrong_exchange_rate_for_cash_withdrawal
Can you tell me why I was charged $1 for a transaction?,14,extra_charge_on_statement
How do you determine your exchange rates?,13,exchange_rate
"If there isn't a lot of money left, will it automatically top-up money?",3,automatic_top_up
I don't know where the top-up verification code is.,25,verify_top_up
I cannot prove my own identity.,23,unable_to_verify_identity
How can I check on the delivery status of my card?,4,card_arrival
Whats the delivery time to the United States?,5,card_delivery_estimate
What is the disposable card for?,16,get_disposable_virtual_card
"Can I add other people to my account, so they can top up?",22,topping_up_by_card
Which credit or debit cards can I use to top up?,21,supported_cards_and_currencies
My passcode doesn't seem to be working,19,passcode_forgotten
locations to withdraw money,2,atm_support
My card won't work right now.,7,card_not_working
I lost track of my card,18,lost_or_stolen_card
"Hi, My card withdrawal was declined this morning. It was working fine till yesterday. Please check and inform me.",9,declined_cash_withdrawal
Why isn't my card working?,7,card_not_working
I didn't receive all the cash I asked for,28,wrong_amount_of_cash_received
I'm unable to verify my identity,23,unable_to_verify_identity
What is the cost for an exchange fee?,12,exchange_charge
The correct exchange rate wasn't given to me for an item I purchased.,8,card_payment_wrong_exchange_rate
Why do you ask for top-up verification?,25,verify_top_up
Can I allow other people to top up my account?,22,topping_up_by_card
explain the interbank exchange rate,13,exchange_rate
I am entering my passcode but getting an error.,19,passcode_forgotten
Why is there a pending hold on one pound on my statement?,14,extra_charge_on_statement
$20 came out instead of $100,28,wrong_amount_of_cash_received
I did not receive my full withdrawal amount,28,wrong_amount_of_cash_received
Can I link another card to my account?,6,card_linking
You did not apply the correct exchange rate for an item that I bought.,8,card_payment_wrong_exchange_rate
Hoe do i use my credit card to transfer money?,22,topping_up_by_card
Do you offer free ATM withdrawals of ones hometown currency while on holiday?,29,wrong_exchange_rate_for_cash_withdrawal
"How much is a cross currency exchange, and can I check to see if I have any discounts available?",12,exchange_charge
Please explain the charge of 1L in error. I have purchased nothing in this amount.,14,extra_charge_on_statement
There's a Direct Debit payment in my account that I didn't make,11,direct_debit_payment_not_recognised
My passcode is not being accepted,19,passcode_forgotten
Will any ATM's decline my card?,2,atm_support
I got a extra €1 fee in my statement,14,extra_charge_on_statement
My card is broken,7,card_not_working
What do I do if my virtual card won't work.,26,virtual_card_not_working
If I find a card I lost do I need to dispose of it? Or can I re-active the card and continue to use it?,6,card_linking
How do I report my card as lost or stolen?,18,lost_or_stolen_card
What do i need to verify my id?,23,unable_to_verify_identity
What are disposable virtual cards?,16,get_disposable_virtual_card
Why wouldn't a transfer go through?,15,failed_transfer
What are the steps in order to activate my new card?,0,activate_my_card
Please tell me how the exchange rate is determined. I was expecting more money for the transaction.,29,wrong_exchange_rate_for_cash_withdrawal
the exchange rate is wrong from something I got in another country,8,card_payment_wrong_exchange_rate
Why is the exchange rate on my card wrong?,8,card_payment_wrong_exchange_rate
I tried to make a transfer and it didn't work.,15,failed_transfer
I am having issues with identity verification,23,unable_to_verify_identity
Why did I get declined when trying to get cash?,9,declined_cash_withdrawal
where do i find out about exchange fees,12,exchange_charge
Where Is the top up verification code found?,25,verify_top_up
There was a problem with the exchange rate on a purchase.,8,card_payment_wrong_exchange_rate
I made a card payment which is showing me pending.,20,pending_card_payment
why was my transfer declined,10,declined_transfer
Why is there an extra charge of 1 dollar on my statement?,14,extra_charge_on_statement
WHAT CAN I DO AFTER THE CARD MISSING,0,activate_my_card
"I transferred my funds, why did it not go through?",15,failed_transfer
Can i set up an auto top-up?,3,automatic_top_up
"Why would my transfer be declined? I've checked that I've put in all the right details, but it is still declined.",10,declined_transfer
I received less cash than the amount I specified in the ATM.,28,wrong_amount_of_cash_received
Why was my account deducted from a seller when I didn't approve of it?,11,direct_debit_payment_not_recognised
I'm not verifying my identity.,27,why_verify_identity
Who else can top up my account,22,topping_up_by_card
I think I was charged a different exchange rate than what was posted at the time.,29,wrong_exchange_rate_for_cash_withdrawal
Can you tell me which cards and currencies are supported?,21,supported_cards_and_currencies
"Recently, a few weeks ago there was a transaction made on my account by some seller that I don't recognize. I am very certain that didn't happen and will like for you to trace back to make sure.",11,direct_debit_payment_not_recognised
Do you think you're asking for too much information about me?,27,why_verify_identity
I tried to buy something online yesterday and got a message saying declined. I tried again today and got the same message. What's the problem?,10,declined_transfer
When can I order a disposable virtual card?,16,get_disposable_virtual_card
There is a charge for an additional pound.,14,extra_charge_on_statement
"I have been doing some online shopping, but when checking out, it keeps getting declined. I tried a few times and it wouldn't work. What could be wrong?",10,declined_transfer
what was the $1 fee i got,14,extra_charge_on_statement
Why are top-ups being verified?,25,verify_top_up
How much do I have to pay for the exchange fee?,12,exchange_charge
I would like to get an account for my child.,1,age_limit
What do I do if I find a debit charge that I know I didn't do in my billing statement?,11,direct_debit_payment_not_recognised
If I have a credit card with you how I get set up to link to it?,6,card_linking
I got a €1 extra fee in my statement,14,extra_charge_on_statement
I cannot find my PIN.,17,get_physical_card
What kind of documents do I need for the identity check?,24,verify_my_identity
Can I use my American Express to add money to my account?,21,supported_cards_and_currencies
Why is there an extra charge on my statement.,14,extra_charge_on_statement
Why didn't I receive the right amount of cash?,28,wrong_amount_of_cash_received
There's an error in regards to the exchange rate for an item I bought.,8,card_payment_wrong_exchange_rate
Am I able to track the card that was just sent to me?,4,card_arrival
Where is the auto top-up option?,3,automatic_top_up
Can I track the card you sent to me?,4,card_arrival
"Since I need to exchange currencies frequently, would you be able to offer me a discount?",12,exchange_charge
How do I make my virtual card work?,26,virtual_card_not_working
Can I open up an account for my child?,1,age_limit
"ATMs, which ones will accept this card?",2,atm_support
"Over the holiday I withdrew cash from the ATM and it seems that I was severely overcharged. Had I known that I would be charged those fees, I would not have used the ATM!",29,wrong_exchange_rate_for_cash_withdrawal
I believe my credit card was stolen.,18,lost_or_stolen_card
Can you show me where to link the new card?,6,card_linking
Can you tell me why I haven't received my new card yet?,4,card_arrival
"I need to reset my passcode, this one isn't working",19,passcode_forgotten
How come my transfer got declined,10,declined_transfer
What is the process for activating a new card.,0,activate_my_card
I need info on activating my card?,0,activate_my_card
Can you deliver the PIN separately?,17,get_physical_card
What's wrong with my ID? I can't verify it.,23,unable_to_verify_identity
My app says that I'm not verified.,23,unable_to_verify_identity
"What do I do with my ""decline"" message on a transfer?",10,declined_transfer
Can you tell me what i need for the identity check?,24,verify_my_identity
My transfer failed to process correctly. Is there a reason this would happen?,15,failed_transfer
How do I view the card I received in the app?,6,card_linking
Can I reactivate my card? I reported it lost and found it this morning in my jacket.,6,card_linking
"I need your help to check my account, please! My card keeps being declined at the ATM, and I've already tried two different ones!",9,declined_cash_withdrawal
What's with not verifying my Id?,23,unable_to_verify_identity
It seems there is an incorrect listing of a direct debit payment on my app that I did not make,11,direct_debit_payment_not_recognised
I tried to transfer money but it didn't go through,15,failed_transfer
Is there a reason why top-up needs verifying?,25,verify_top_up
I don't understand why it says I have to verify the top-up.,25,verify_top_up
My card won't work.,7,card_not_working
Is there an age limit for opening an account?,1,age_limit
Can I auto top if I'm low on funds?,3,automatic_top_up
Who do I contact if there is a direct debit that I did not create.,11,direct_debit_payment_not_recognised
Can my teenager have an account?,1,age_limit
"While abroad, I got cash, and the exchange rate applied is wrong.",29,wrong_exchange_rate_for_cash_withdrawal
why do I need to show ID,24,verify_my_identity
"On my transfer there was a ""decline"" message",10,declined_transfer
What are my payment options?,21,supported_cards_and_currencies
How does the exchange rate work?,13,exchange_rate
The app is not able to realize that it is me.,23,unable_to_verify_identity
Does it cost to exchange currencies with this card?,12,exchange_charge
My cash withdrawl has the wrong rate of exchange.,29,wrong_exchange_rate_for_cash_withdrawal
Why is the exchange rate wrong for my cash withdrawal?,29,wrong_exchange_rate_for_cash_withdrawal
What do you do with all the identity information you're collecting from me?,27,why_verify_identity
"Your system is broken. My transfers keep failing, 5 times now.",15,failed_transfer
When I received my cash; they had my exchange rate incorrect.,29,wrong_exchange_rate_for_cash_withdrawal
Did a WD earlier at an ATM. The amount showing in the App is more than I got though.,28,wrong_amount_of_cash_received
"There seems to be an additional charge of £1 on my statement, what is the reason for this?",14,extra_charge_on_statement
I have been charged an extra pound!,14,extra_charge_on_statement
I can't find my code,19,passcode_forgotten
I could only take the amount of money that was available to me which was less then I expected.,28,wrong_amount_of_cash_received
I need some help linking my new card.,6,card_linking
My ecchange rate was wrong for a cash transaction.,29,wrong_exchange_rate_for_cash_withdrawal
What happens if I use my account and my identity verification hasn't finished?,27,why_verify_identity
How long does it take to prove my identity?,23,unable_to_verify_identity
Is my PIN located on my account somewhere?,17,get_physical_card
do i need a pin,17,get_physical_card
What happens if the ATM gives me the wrong amount of money?,28,wrong_amount_of_cash_received
Which currencies do you accept for adding money?,21,supported_cards_and_currencies
Why has my card payment not yet been applied to my account?,20,pending_card_payment
I have a payment that hasn't went through yet.,20,pending_card_payment
Will you charge me for exchanging foreign currencies?,12,exchange_charge
I have been charged way to much so something is apparently wrong with my exchange. I changed Russian Ruble into UK pounds.,8,card_payment_wrong_exchange_rate
Can you explain disposable cards?,16,get_disposable_virtual_card
How young can I be to open my own account?,1,age_limit
What are the age requirements for service?,1,age_limit
"I was doing a transfer and received a ""decline"" message.",10,declined_transfer
Why didn't I receive the right amount of cash at the ATM?,28,wrong_amount_of_cash_received
When will it get delivered?,5,card_delivery_estimate
Why did I not get the amount of money I requested?,28,wrong_amount_of_cash_received
I need to exchange foreign currency will i be charged?,12,exchange_charge
Please let me know what currency I can use to top up my account?,21,supported_cards_and_currencies
I received the wrong exchange rate for an item i bought.,8,card_payment_wrong_exchange_rate
Why am I seeing a direct debit thats not mine?,11,direct_debit_payment_not_recognised
Is there a charge for exchanging foreign currencies?,12,exchange_charge
Is the identity check part of bank policy?,27,why_verify_identity
Am I able to use my account if the identity verification is not complete?,27,why_verify_identity
I topped up my card but the money disappeared.,22,topping_up_by_card
How can I make my card show up in the app?,6,card_linking
How can I activate my card>,0,activate_my_card
I received my card. How do I link it to the app?,6,card_linking
How can I dispute a direct debit transaction?,11,direct_debit_payment_not_recognised
I need information about an extra €1 fee in my statement.,14,extra_charge_on_statement
What is the fee on my statement for?,14,extra_charge_on_statement
I have a direct debit on my records that is strange and I need help.,11,direct_debit_payment_not_recognised
I can't get any money from my account.,9,declined_cash_withdrawal
app does not recognize me,23,unable_to_verify_identity
The exchange rate that was applied for an international purchase was wrong.,8,card_payment_wrong_exchange_rate
Why isn't my disposable virtual card working?,26,virtual_card_not_working
Where can I get a new passcode?,19,passcode_forgotten
The amount of money I pushed at the atm machine did not come out of the machine.,28,wrong_amount_of_cash_received
My card hasn't came in the mail yet?,4,card_arrival
do i have to wait for a physical card before i get my pin,17,get_physical_card
the exchange rate on my payment was wrong,8,card_payment_wrong_exchange_rate
How can i reset my passcode ?,19,passcode_forgotten
What is the process for using my credit card to transfer money?,22,topping_up_by_card
Where can I find the auto-top up feature?,3,automatic_top_up
Is the PIN separately delivered?,17,get_physical_card
How old do my children need to be to open an account?,1,age_limit
How do the disposable cards work?,16,get_disposable_virtual_card
I have a transfer that was declined.,10,declined_transfer
Can my 8 year old grandson open an account at the bank?,1,age_limit
When can I expect my new card to get here?,5,card_delivery_estimate
Please help me find my top-up verification code,25,verify_top_up
How do I complete the ID check?,24,verify_my_identity
I'm interested in learning more about disposable virtual cards.,16,get_disposable_virtual_card
Where can I get a disposable virtual card?,16,get_disposable_virtual_card
What's the reason for needing to verify my identity?,27,why_verify_identity
I bough an item and the exchange rate was incorrect.,8,card_payment_wrong_exchange_rate
I was declined when I tried to get cash.,9,declined_cash_withdrawal
I think my passcode was changed,19,passcode_forgotten
Are there certain cards and currencies you support?,21,supported_cards_and_currencies
Where are the ATMs that accept this card?,2,atm_support
There was some money taken from my account that I don't remember paying for. Am I able to look up this transaction which was a few weeks ago to see who took out the money? Im not sure I need a refund just want to check to make sure it's legit.,11,direct_debit_payment_not_recognised
Where did my top-up go? I can't find it in my wallet,22,topping_up_by_card
What does a disposable virtual card do?,16,get_disposable_virtual_card
I am experiencing difficulty providing my identity.,23,unable_to_verify_identity
"Will you accept my credit card, it my only one.",21,supported_cards_and_currencies
I tried to do a transfer and it's saying it declined.,10,declined_transfer
What currencies do you accept for adding money to my account?,21,supported_cards_and_currencies
The exchange rate I was charged for a purchase was not right.,8,card_payment_wrong_exchange_rate
How many miles away is the ATM?,2,atm_support
what are exchange rates based on,13,exchange_rate
I tried to use the ATM with foreign currency. The conversion rate applied was wrong.,29,wrong_exchange_rate_for_cash_withdrawal
"I tried to top up using my card, but now the money just disappeared!",22,topping_up_by_card
What fee will be charged for exchanges?,12,exchange_charge
I need assistance addressing a direct debit that I did not do myself.,11,direct_debit_payment_not_recognised
I need my card as soon as possible.,5,card_delivery_estimate
I see an extra 1£ charge on my app. Why did It charge me extra?,14,extra_charge_on_statement
How do I create a disposable virtual card?,16,get_disposable_virtual_card
I don't see my card anywhere in the app.,6,card_linking
What ATMs can I use this card?,2,atm_support
I couldnt transfer money from my account.,15,failed_transfer
Why do we need to verify a top-up card?,25,verify_top_up
I need help proving that this is really me and to verify my identity.,23,unable_to_verify_identity
For some reason my account's been charged an extra dollar.,14,extra_charge_on_statement
"The ATM would not give me cash,why?",9,declined_cash_withdrawal
Can it specifically be delivered on a certain date?,5,card_delivery_estimate
I would like to top up my account automatically. How do I do that?,3,automatic_top_up
What kind of cards an currency do you support?,21,supported_cards_and_currencies
Have you sent out my card yet?,4,card_arrival
The applied exchange rate is wrong for the cash I got abroad.,29,wrong_exchange_rate_for_cash_withdrawal
There is a direct debit patentp that I haven't authorized.,11,direct_debit_payment_not_recognised
"lost card found, want to put it back in app",6,card_linking
This rate is too low. Are you sure your using the right exchange rate.,8,card_payment_wrong_exchange_rate
Is there a fee for exchanging currencies?,12,exchange_charge
Someone stole my card!,18,lost_or_stolen_card
How long will delivery to the US take?,5,card_delivery_estimate
Where do I go to get my new card linked?,6,card_linking
Why was I charged extra on my app?,14,extra_charge_on_statement
How can I pay for top-ups?,21,supported_cards_and_currencies
I have one other credit card from the US. Do you take it?,21,supported_cards_and_currencies
"Why are all my transfers failing? I have the details right and they won't complete. I've been trying all day and they still won't go through, this is URGENT, please help.",10,declined_transfer
Can I automatically top-up when traveling?,3,automatic_top_up
"When I submit a transfer, it is being declined. The information I put in has been reviewed.",10,declined_transfer
Is it possible to track the card you sent me?,4,card_arrival
Can you tell me the ATMs I can use with my card?,2,atm_support
I bought something abroad and the exchange rate applied is wrong,8,card_payment_wrong_exchange_rate
Do I need to verify my top-up card?,25,verify_top_up
Can i get a single use virtual card,16,get_disposable_virtual_card
What is the maximum for auto top-up?,3,automatic_top_up
Tell me where I can find the auto top up feature and a little bit about it please.,3,automatic_top_up
How can I open an account for my children?,1,age_limit
I tried entering my passcode and it isn't working. Can you help?,19,passcode_forgotten
The app shows Direct Debit payments that I didn't make,11,direct_debit_payment_not_recognised
I will be traveling. Can I add money automatically?,3,automatic_top_up
My ID won't be verified!,23,unable_to_verify_identity
What's my pin number?,17,get_physical_card
What's going on with my card? I've tried multiple times and it never goes through.,7,card_not_working
How do i transfer money using my credit card?,22,topping_up_by_card
"I did not get my card yet, is it lost?",4,card_arrival
Can you provide a reason as to why my transfer did not work?,15,failed_transfer
What documentation do you accept for the identity check?,24,verify_my_identity
The exchange rate was different when I got cash,29,wrong_exchange_rate_for_cash_withdrawal
The machine only paid me a hundred when I wanted 20,28,wrong_amount_of_cash_received
Am I able to use my American Express to add money to my account balance?,21,supported_cards_and_currencies
"When I went to $100, all the machine would give me was $20.",28,wrong_amount_of_cash_received
Are there only certain ATM machines where I can use this card?,2,atm_support
How do I get my card on the app?,6,card_linking
"I'm looking in the App and can't find my PIN, where should I look?",17,get_physical_card
How long does a payment show as pending before i should worry about it?,20,pending_card_payment
Exchange rate for my cash withdrawal is wrong,29,wrong_exchange_rate_for_cash_withdrawal
I bought something in a foreign currency but the rate applied is wrong!,8,card_payment_wrong_exchange_rate
Help me access the card I already got so I can information from it.,6,card_linking
still waiting on that card,4,card_arrival
I need to withdraw money. Where can I do that?,2,atm_support
How do I get started when I get my card?,17,get_physical_card
How long does it take to receive my card?,5,card_delivery_estimate
Are the delivery days flexible? My schedule only allows me to be a available on specific dates.,5,card_delivery_estimate
I havn't received my PIN yet.,17,get_physical_card
What is this $1 charge on my statement?,14,extra_charge_on_statement
What is the first step I need to make for being able to access my account?,27,why_verify_identity
Help! Someone stole my card!,18,lost_or_stolen_card
How do I verify a top-up?,25,verify_top_up
The card can be used at which ATMs?,2,atm_support
Do you also have this extra fee on your statement?,14,extra_charge_on_statement
Where do I order a disposable virtual card?,16,get_disposable_virtual_card
I tried to buy something online yesterday and was told declined. I got the same error today after trying again. What is the problem?,10,declined_transfer
My rate of exchange was wrong.,8,card_payment_wrong_exchange_rate
Is there an age limit to when my child can use these services?,1,age_limit
A transfer could not be completed.,15,failed_transfer
I'm not able to activate my card how do I fix this problem?,0,activate_my_card
What ATM accepts Mastercard?,2,atm_support
How long should it take for my new card to arrive in them mail? What should I do if I never receive it?,4,card_arrival
I was not distributed the correct amount of cash that I asked for,28,wrong_amount_of_cash_received
How do I know what exchange rate I will get?,13,exchange_rate
I was given less cash then I wanted.,28,wrong_amount_of_cash_received
I ordered a card and would like to know how to track the delivery progress of it.,4,card_arrival
What information do I need to gather in order to activate my card?,0,activate_my_card
Please help me as my online payment is getting declined since yesterday while i am trying to purchase something online.,10,declined_transfer
I don't recognize a debit payment that was made and would like to find out about the payment.,11,direct_debit_payment_not_recognised
How do I reset the passcode?,19,passcode_forgotten
What foreign exchange rate will I get on weekdays and on the weekends?,13,exchange_rate
Where are you getting your exchange rates from?,13,exchange_rate
What's the foreign exchange rate I will receive?,13,exchange_rate
How do I set up my card PIN?,17,get_physical_card
How young can someone be in order to open an account?,1,age_limit
What age do I have to be?,1,age_limit
What do I do for the identity check?,24,verify_my_identity
What is the $1 transaction on my account?,14,extra_charge_on_statement
Why didn't I get the amount I requested at the ATM?,28,wrong_amount_of_cash_received
Why would I get a decline message in a transfer?,10,declined_transfer
I had trouble with an incorrect rate being applied when using the ATM with foreign currency.,29,wrong_exchange_rate_for_cash_withdrawal
ATM apparently not working? Couldn't access funds in my account?,9,declined_cash_withdrawal
I did not make a direct debit payment as listed on my app,11,direct_debit_payment_not_recognised
"I tried to get money out of the Notting Hill ATM earlier, but I wasn't able to get anything out. Is there a problem with my card? It's the first time I tried using it.",9,declined_cash_withdrawal
I have transfered to my account before but it is being declined now?,10,declined_transfer
I'm just wondering when my card will get here.,5,card_delivery_estimate
What is the significance of verifying the top-up?,25,verify_top_up
My card hasn't been working for even small transactions today.,7,card_not_working
How do you check my identity?,24,verify_my_identity
How do I use auto top up?,3,automatic_top_up
I need to reset the passcode.,19,passcode_forgotten
Why would my payment for my card show as pending?,20,pending_card_payment
Can I set the account to auto top-up?,3,automatic_top_up
The exchange rate applied is wrong for my international purchase.,8,card_payment_wrong_exchange_rate
What does a 'pending payment' mean?,20,pending_card_payment
How to verify my identity,27,why_verify_identity
can i go into my app to find my pin,17,get_physical_card
I tired to get cash in the ATM but it was cancelled,9,declined_cash_withdrawal
When will my card come? I need it as soon as possible!,5,card_delivery_estimate
Show me where I can see the PIN?,17,get_physical_card
I withdrew money from the ATM and was overcharged. It said nothing about an extra fee.,29,wrong_exchange_rate_for_cash_withdrawal
Why are you asking so many questions about who I am,27,why_verify_identity
I'd like to open an account for my children. How can I do that?,1,age_limit
Where is the PIN for my card located?,17,get_physical_card
What do I do if my card gets broken?,7,card_not_working
What do I do if I got the wrong amount at the ATM?,28,wrong_amount_of_cash_received
"I want to reactivate my card, I found it after thinking it was lost.",6,card_linking
Is there a list of ATMs that take this card?,2,atm_support
Why won't my card work.,7,card_not_working
What do I do if I can't access my passcode?,19,passcode_forgotten
"I found the card that I thought I lost, and I would like to reactivate it.",6,card_linking
I was charged an extra dollar on my account and would like to know the reason.,14,extra_charge_on_statement
I need assistance completing a transfer. I'm trying to purchase a flat and need the money for the initial mortgage payment. I keep getting an error and the transfer is not going through. What is going on here?,15,failed_transfer
The exchange rate for my payment last Saturday must be wrong because I was charged extra.,8,card_payment_wrong_exchange_rate
the exchange rate for my withdrawal is wrong,29,wrong_exchange_rate_for_cash_withdrawal
Why does my statement show a $1 charge on my account?,14,extra_charge_on_statement
Do I need to verify my identity each time I wish to use my account?,27,why_verify_identity
Can you please explain to me why there is an extra €1 fee in my statement?,14,extra_charge_on_statement
Tell me why my transfer is declined.,10,declined_transfer
The exchange rate is incorrect for something I bought,8,card_payment_wrong_exchange_rate
I have a new card. How do i top it up?,22,topping_up_by_card
I took out a foreign currency and the exchange rate is wrong.,29,wrong_exchange_rate_for_cash_withdrawal
Is there a reason my new card hasn't arrived?,4,card_arrival
Tell me how to verify a top up.,25,verify_top_up
I made a purchase earlier today but it is still listed as pending- when will it go through?,20,pending_card_payment
will i be able to open an account for my daughter,1,age_limit
Is there an extra fee to exchange currencies?,12,exchange_charge
"I'm checking my statements and I saw a purchase from a couple weeks ago that I don't recall at all. Not only that, but I don't even know the business that charged it. I'm not sure if I did it or not, but can we check it and see if we can trace it back to make certain?",11,direct_debit_payment_not_recognised
Can i get money in my home currency at my ATM ?I am on holiday and bit concerned because i do not have any cash with me .Is it possible to withdraw without any additional cost.,29,wrong_exchange_rate_for_cash_withdrawal
There is a direct debit payment on my account that I didn't authorize.,11,direct_debit_payment_not_recognised
"I've now been trying to do a really standard transfer 5 times already. What's going on, is your system broken or something?!",15,failed_transfer
I tried to buy something over the Internet yesterday and got a declined error. I tried again today and got the same message. What is the issue?,10,declined_transfer
What does it mean if it says that my payment is pending?,20,pending_card_payment
My card is just not working at this time.,26,virtual_card_not_working
The wrong exchange rate applied to my cash withdrawal.,29,wrong_exchange_rate_for_cash_withdrawal
Why would a transfer fail?,15,failed_transfer
I think the rate that was applied to my purchase using foreign currency is wrong. Help!,8,card_payment_wrong_exchange_rate
I have no idea why there is a dollar that has been charged to my account.,14,extra_charge_on_statement
What do I need to do to activate my new card?,0,activate_my_card
Why do you have an identity check?,27,why_verify_identity
Can i choose a specific delivery date?,5,card_delivery_estimate
How do I know what the exchange rate will be when I make an exchange.,13,exchange_rate
"I took out money, and didn't get all of it.",28,wrong_amount_of_cash_received
I wanted to withdraw $100 from the ATM but I only got $20,28,wrong_amount_of_cash_received
"My card couldn't complete a transfer, why?",15,failed_transfer
Am I supposed to verify my identity?,27,why_verify_identity
"I just noticed that I supposedly made a payment to a seller a while back. The problem is, I don't recognize the seller. There must be a way to see who it is or track the payment. Can you do that, because I don't remember this transaction?",11,direct_debit_payment_not_recognised
What is identity check?,27,why_verify_identity
What should I do if my card is missing?,18,lost_or_stolen_card
Do I need to pay extra for exchanging currencies?,12,exchange_charge
I need to verify my identity. How do I do that?,24,verify_my_identity
Why can't I take cash out of the ATM?,9,declined_cash_withdrawal
What do I need to do to get my new card which I have requested 2 weeks ago?,4,card_arrival
My statement shows an extra fee - what is it?,14,extra_charge_on_statement
How do I find the top-up verification code?,25,verify_top_up
I'm having a hard time proving my identity.,23,unable_to_verify_identity
How long does it take for a new card to ship?,4,card_arrival
can I use my card before identity verification?,27,why_verify_identity
"I was told to verify my identity, how do I do that?",24,verify_my_identity
I don't understand why my card payment is pending. It has been pending for too long. Why is this and when might it go through?,20,pending_card_payment
Can I auto-top up? How do I do it?,3,automatic_top_up
If I have a physical card can I link it?,6,card_linking
How come I was charged a transaction of $1?,14,extra_charge_on_statement
I was made to pay an additional pound!,14,extra_charge_on_statement
"I have not used my card all day, however, there is an unusual payment showing in my app. I would like to have that amount reimbursed.",11,direct_debit_payment_not_recognised
I need an ATM right now!,2,atm_support
What do I do if there is a direct debit on my account that shouldn't be there?,11,direct_debit_payment_not_recognised
"Can you point me in the right direction of where to go to roder a disposable virtual card, I can't seem to find it.",16,get_disposable_virtual_card
how do I find the code to verify the top up card?,25,verify_top_up
My actual card isn't functioning.,7,card_not_working
Please help me. My disposable virtual card won't work right.,26,virtual_card_not_working
I tried to make a transfer but it failed,15,failed_transfer
I am not receiving the correct exchange rate on my card.,8,card_payment_wrong_exchange_rate
My card activation is failing.,0,activate_my_card
"What are my options for topping up, automatic and/or manual?",3,automatic_top_up
how long should I expect to wait for my card to arrive?,5,card_delivery_estimate
When I went to withdraw cash today the ATM gave me the wrong amount of cash. The app is showing a larger amount.,28,wrong_amount_of_cash_received
This disposable virtual card is not working.,26,virtual_card_not_working
Where in the app do I go to make my new card show up?,6,card_linking
What are the steps that I need to take to activate a new card?,0,activate_my_card
"I got my card now, how do I make it show up in the app?",6,card_linking
Can my friends top up my account?,22,topping_up_by_card
Where do you get your exchange rates from?,13,exchange_rate
Why is there a pending transaction on my card?,20,pending_card_payment
I'm still waiting on my card to be delivered.,4,card_arrival
Why doesn't it work when I use American Express to try to add money to my account?,21,supported_cards_and_currencies
How can I withdraw money?,2,atm_support
What do I need to do to correct this failed transfer?,15,failed_transfer
My card hasn't arrived yet. What do I do?,4,card_arrival
"My disposable virtual card was rejected by the merchant, please help?",26,virtual_card_not_working
My card has been lost! help!,18,lost_or_stolen_card
"Hi, I was trying to use my card but it was declining by ATM. I have cross checked with two different ATMs but i was facing the same issue. Could you please check my account.",9,declined_cash_withdrawal
how soon will my card arrive?,5,card_delivery_estimate
What should I do about a direct debit that I did not set up?,11,direct_debit_payment_not_recognised
How much does it cost to exchange my balance into a foreign currency?,12,exchange_charge
Is there any discount for someone that exchanges currencies frequently?,12,exchange_charge
Please tell me how disposable virtual cards work?,16,get_disposable_virtual_card
Has my account been frozen? I tried to use my card but the ATM would not dispense cash.,9,declined_cash_withdrawal
Where in the app do I link a new card?,6,card_linking
Where is the card PIN?,17,get_physical_card
My disposable virtual card is not working,26,virtual_card_not_working
Why does my statement have these extra charges?,14,extra_charge_on_statement
How can I fix a problem where my virtual card is rejected?,26,virtual_card_not_working
How can you assist on verifying my identity?,24,verify_my_identity
the exchange rate was different than expected,29,wrong_exchange_rate_for_cash_withdrawal
WHAT IS THE REASON FOR THAT,7,card_not_working
"When I got cash, my exchange rate was off.",29,wrong_exchange_rate_for_cash_withdrawal
I wanted to know why my transaction didn't go through.,10,declined_transfer
My card activation attempt failed.,0,activate_my_card
Can I have a auto top-up when my account is short?,3,automatic_top_up
Has my card been lost in delivery?,4,card_arrival
What proof do you need for my identification?,23,unable_to_verify_identity
what I need to verify my account,27,why_verify_identity
why does it take so long to verify my id,23,unable_to_verify_identity
How do I set up an account for my children?,1,age_limit
I have an American Express that I'd like to add money to my account with.,21,supported_cards_and_currencies
The app is having trouble verifying my identity.,23,unable_to_verify_identity
"I recently made a payment, and it is showing up in my account as ""pending"". What does that mean?",20,pending_card_payment
"If I will be traveling, is there a way to auto top-up my card on certain days?",3,automatic_top_up
how come i was declined,9,declined_cash_withdrawal
Is American Express accepted?,21,supported_cards_and_currencies
What should I do to verify my identity?,24,verify_my_identity
"So, I am in the middle of purchasing a flat. I need the money for the first mortgage payment and it is not going through. I keep receiving an error. Can you find out what's going on and help me complete this transfer?",15,failed_transfer
It appears my transfer was declined.,10,declined_transfer
Will it cost more money if my currency needs to be exchanged?,12,exchange_charge
I need more assistance with how to activate my card.,0,activate_my_card
Double check your funds may be declined,10,declined_transfer
There is an extra 1£ charge on my app. Why did it charge me extra?,14,extra_charge_on_statement
the exchange rate at which my card payment is at is wrong,8,card_payment_wrong_exchange_rate
Where is a ATM that accepts Mastercard?,2,atm_support
"I have a disposable virtual card here, so would you tell me what to do with it?",16,get_disposable_virtual_card
Where is the top-up verification code located?,25,verify_top_up
Why do you need all these details about my identity?,27,why_verify_identity
what is the cost for exchanging currencies?,12,exchange_charge
How's the exchange rate looking right now?,13,exchange_rate
"If I want to topup by card, how do I do it?",21,supported_cards_and_currencies
I've forgotten my app passcode completely.,19,passcode_forgotten
what cards and currencies are accepted?,21,supported_cards_and_currencies
Are there specific ATM's I can use with this card?,2,atm_support
I didn't get all the money I asked for,28,wrong_amount_of_cash_received
I think my transfer failed. What do I do now?,15,failed_transfer
I have forgotten my passcode to access my app,19,passcode_forgotten
What can I do if I lost my card?,18,lost_or_stolen_card
My card still hasn't arrived after 2 weeks. Is it lost?,4,card_arrival
"I bought something in another currency, but the exchange rate was incorrect.",8,card_payment_wrong_exchange_rate
Where is my new card? I have been waiting a week!,4,card_arrival
My accounts been charged a payment for something I didn't make.,11,direct_debit_payment_not_recognised
Why isn't my ID being verified?,23,unable_to_verify_identity
I was not distributed all of cash that I requested,28,wrong_amount_of_cash_received
I don't like that I have to fill out so much information about my identity.,27,why_verify_identity
I got a declining message during a transfer? please tell me why,10,declined_transfer
I am unable to prove my identity,23,unable_to_verify_identity
How much longer until I get my new card?,4,card_arrival
"Please, activate my card",0,activate_my_card
How long does it take for deliver to the US?,5,card_delivery_estimate
Can you explain why the ATM is giving me less money than what I asked for?,28,wrong_amount_of_cash_received
"Someone stole my card. I need to report it stolen. I made a police report already, but how do I report it with you?",18,lost_or_stolen_card
What do I do if I can't prove my identity?,23,unable_to_verify_identity
"I'm starting to think my card is lost because it still hasn't arrived, can you help?",4,card_arrival
What are the age requirements for opening an account?,1,age_limit
The cash withdrawal exchange rate is not correct.,29,wrong_exchange_rate_for_cash_withdrawal
How long does it take to recieve my new card?,4,card_arrival
I can't find the top-up card verification code.,25,verify_top_up
What documents do I need to validate my identity?,24,verify_my_identity
How do I make sure my transfer isn't goin to an unsupported merchant?,10,declined_transfer
I requested $100 but only got $20,28,wrong_amount_of_cash_received
How do I know it is a Mastercard ATM?,2,atm_support
A couple weeks ago there was a debit taken from my account from a transaction I don't recall. Is it possible to trace this transaction to make sure I'm not being scammed?,11,direct_debit_payment_not_recognised
Is there a problem with my account? When I tried to withdraw cash at an ATM I was denied.,9,declined_cash_withdrawal
I cannot make transactions with my virtual card.,26,virtual_card_not_working
Why haven't I gotten my payment yet?,20,pending_card_payment
What is the limit on Auto top?,3,automatic_top_up
Is there a minimum age for having an account?,1,age_limit
Why do you guys need to verify my identity?,27,why_verify_identity
Why do you need my name and ID,27,why_verify_identity
Can I have my account add money automatically in certain intervals?,3,automatic_top_up
I would like to order a disposable virtual card. How can I do this?,16,get_disposable_virtual_card
Can you tell me if I can track the card you sent me?,4,card_arrival
Transfer was declined.,10,declined_transfer
I was declined when I tried to take out cash!,9,declined_cash_withdrawal
My non-physical card will not work,26,virtual_card_not_working
"I need an accurate exchange rate, when I make my withdrawals.",29,wrong_exchange_rate_for_cash_withdrawal
What exactly is the exchange fee?,12,exchange_charge
Explain to me how to verify the top-up card.,25,verify_top_up
Which ATMs accept this bill of fare ?,2,atm_support
When I'm traveling is it possible to add money automatically at certain time points?,3,automatic_top_up
How long is the wait for my card?,5,card_delivery_estimate
The currency exchange for my purchase in foreign currency is incorrect.,8,card_payment_wrong_exchange_rate
I used the ATM machine to get money out for Holiday shopping and saw the outrageous charges. Why is that? I would not have used the ATM if I had known!,29,wrong_exchange_rate_for_cash_withdrawal
Why do I need to verify my identity?,27,why_verify_identity
What if I don't verify my identity?,27,why_verify_identity
Will my money be of equal value when I travel abroad?,13,exchange_rate
"What's go on, where is my new card?",4,card_arrival
"i know i entered the right info, but my top up isn't in my balance",22,topping_up_by_card
The app says my transfer failed,15,failed_transfer
"I want to add money but don't know what currencies you accept, can you tell me?",21,supported_cards_and_currencies
Why are my payments showing pending?,20,pending_card_payment
"Somebody has stolen my card, I need help please.",18,lost_or_stolen_card
What can I use to verify my identity?,24,verify_my_identity
How can I activate my card so I can start using it?,0,activate_my_card
"i need help, i lost my card",18,lost_or_stolen_card
I expected a higher exchange rate when I withdrew money. Can you tell me current exchange rates?,29,wrong_exchange_rate_for_cash_withdrawal
Can you please reactivate my card?,6,card_linking
I need my PIN,17,get_physical_card
Are you able to guide me to my card's location?,18,lost_or_stolen_card
"I seem to have been charged to much for my holiday purchases, the exchange rate is wrong.",8,card_payment_wrong_exchange_rate
I don't see a code anywhere on my top-up card? Where can I find it? I need to verify!,25,verify_top_up
I noticed my transfer was declined.,10,declined_transfer
Is there a reason my payments are pending?,20,pending_card_payment
Something is wrong with my password.,19,passcode_forgotten
What am i missing to verify my id?,23,unable_to_verify_identity
Is there a tracking number for the card?,4,card_arrival
At what ATMS am I able to use the card?,2,atm_support
top up with credit card,22,topping_up_by_card
I attempted to get money in cash but it was refused!,9,declined_cash_withdrawal
How do I change my passcode?,19,passcode_forgotten
I found my lost card. Am I still able to use it?,6,card_linking
What kind of ATM's can I use?,2,atm_support
It says the transfer wasn't accepted.,10,declined_transfer
I'm quite confused as to what is going on. There is some odd extra pound charge on my statement in the app that's just listed as pending and doesn't go away since a couple days.,14,extra_charge_on_statement
How do I withdraw money?,2,atm_support
Can I withdraw money in my hometown currency while on holiday without any additional fees?,29,wrong_exchange_rate_for_cash_withdrawal
Can I link your physical card,6,card_linking
Why did the transfer fail when I attempted to do it earlier?,15,failed_transfer
How do I link a card that I already have?,6,card_linking
Can my 19 year old daughter open a savings account at the bank?,1,age_limit
How do I know what my PIN is?,17,get_physical_card
How do I use my new card?,0,activate_my_card
When will my card be activated?,0,activate_my_card
The exchange rates are?,13,exchange_rate
What are these disposable virtual cards all about?,16,get_disposable_virtual_card
Why can't I complete the transfer?,15,failed_transfer
What do I need to do in order to use my card I just got?,0,activate_my_card
I want to change the wrong exchange rate.,8,card_payment_wrong_exchange_rate
"If I need to cash foreign transfers, how does that work?",13,exchange_rate
How can I verify the top-up card?,25,verify_top_up
Do you have a list of exchange rates?,13,exchange_rate
What do I do to verify a top-up?,25,verify_top_up
What is your exchange rate between UK pounds and Russian rubles for my last transaction,8,card_payment_wrong_exchange_rate
What is the function of the identity check,27,why_verify_identity
I'm trying to take money from my account but its not letting me. Help!,9,declined_cash_withdrawal
My transaction was just declined when I was using my disposable virtual card. What can I do?,26,virtual_card_not_working
I purchased something overseas and the incorrect exchange rate was applied.,8,card_payment_wrong_exchange_rate
How are you determining your exchange rates?,13,exchange_rate
Why is my identity not being verified?,23,unable_to_verify_identity
I can't get my virtual card to work at all,26,virtual_card_not_working
Can I have it add money automatically in certain intervals?,3,automatic_top_up
The exchange rate on my payment doesn't look right,8,card_payment_wrong_exchange_rate
My card is missing. Please help.,18,lost_or_stolen_card
What are the restrictions on auto top-up?,3,automatic_top_up
"Hi, I have been overcharged for my payment last Saturday. I guess exchange rate was wrong.",8,card_payment_wrong_exchange_rate
how can i track card you sent,4,card_arrival
I believe that my transfer hasn't gone through.,15,failed_transfer
The cash withdrawal I took seems to be off. The exchange rate is wrong.,29,wrong_exchange_rate_for_cash_withdrawal
What do you require to verify someone's identity?,24,verify_my_identity
Why did I only get $20 when I tried to get $100,28,wrong_amount_of_cash_received
how much you charge for exhcange,12,exchange_charge
I don't have a password.,19,passcode_forgotten
"If I exchange currencies frequently, is there a discount?",12,exchange_charge
Will my friend be able to top off my account?,22,topping_up_by_card
What is the present state of the exchange rate?,13,exchange_rate
Cash withdrawal was incorrect at ATM.,28,wrong_amount_of_cash_received
Why is the identity check involved?,27,why_verify_identity
My passcode won't work.,19,passcode_forgotten
"When exchanging, how much are the rates?",13,exchange_rate
Will there be additional costs of I make a withdrawal from a local ATM of British pounds? I need some cash to feel comfortable on the journey home,29,wrong_exchange_rate_for_cash_withdrawal
Does the exchange rate change?,13,exchange_rate
I can not get the app to know it is me.,23,unable_to_verify_identity
If I don't have much money in the account can I auto top-up?,3,automatic_top_up
why would i be declined if i had money iin my account,9,declined_cash_withdrawal
My card stopped working. How do I check if there is a freeze on it?,7,card_not_working
I have my card now how do I activate it?,0,activate_my_card
Do I have a card PIN?,17,get_physical_card
How can I create a disposable virtual card?,16,get_disposable_virtual_card
Why hasn't the app verified my identity?,23,unable_to_verify_identity
What is the code I need to get into the app?,19,passcode_forgotten
"Hi, I used an ATM today to take money out of my account, but the amount it gave me is not the amount I requested. What should I do?",28,wrong_amount_of_cash_received
Why isn't my virtual card working?,26,virtual_card_not_working
"I attempted to top up using my card, but now the money just disappeared?",22,topping_up_by_card
Verify top-up card help?,25,verify_top_up
How do I add a card on to the app?,6,card_linking
I received a different amount of cash than what I entered.,28,wrong_amount_of_cash_received
Please send my card as quickly as possible.,5,card_delivery_estimate
I need to report a stolen card,18,lost_or_stolen_card
What is the exchange rate like on this app?,13,exchange_rate
Where's the best place to get a disposable virtual card?,16,get_disposable_virtual_card
Could you please tell me your exchange rates?,13,exchange_rate
"I got a card, how do I get it in the app?",6,card_linking
I can't get into the app with the passcode.,19,passcode_forgotten
"I have a strange transaction for £1 on my statement, what is that?",14,extra_charge_on_statement
"Can I still use my account, even though the identity verification has not passed yet?",27,why_verify_identity
Can I be charged for exchanging foreign currency?,12,exchange_charge
How do I activate my new card I just got?,0,activate_my_card
"When I tried to top up using my card, all of the money disappeared.",22,topping_up_by_card
How do I know why my card isn't working?,7,card_not_working
"I need to transfer some money, can I use my credit card?",22,topping_up_by_card
The top-up card is verified how?,25,verify_top_up
do the details of my profile have to match my documents,24,verify_my_identity
If I want my son to have his own account is that possible?,1,age_limit
why don't you accept american express for adding money to my account,21,supported_cards_and_currencies
I bought something overseas and the wrong exchange rate is on my statement.,8,card_payment_wrong_exchange_rate
Where do I need to go in the app to enter my card info?,6,card_linking
"I got a new card, how do I link it?",6,card_linking
Why does top-up need verifying?,25,verify_top_up
There is a direct debit set up that was not authorized by me.,11,direct_debit_payment_not_recognised
Do all ATMs take this card?,2,atm_support
Can friends add to my account,22,topping_up_by_card
"I just looked at my app and it seems I was charged extra, why is that?",14,extra_charge_on_statement
I think youre system may be broken because I have tried transfer money 5x and it isnt working! I'm not doing anything complicated it is what I usually do.,15,failed_transfer
I need assistance activating my card?,0,activate_my_card
The money disappeared after I topped up my account.,22,topping_up_by_card
Is there tracking info available?,4,card_arrival
Does the auto top-up have any limits?,3,automatic_top_up
Good morning. I tried to make a purchase with my credit card last night and again this morning. Both times it was declined. Can you investigate?,10,declined_transfer
How old do my kids have to be use this?,1,age_limit
What are the age limits for your service?,1,age_limit
My card payment has had the status of pending forever. What is the issue? It should have gone through at some point.,20,pending_card_payment
I got declined when attempting a transfer,10,declined_transfer
I have trouble proving my identity.,23,unable_to_verify_identity
do I need to verify my identity every time I log into my account?,27,why_verify_identity
The exchange rate was not correct for the item I bought.,8,card_payment_wrong_exchange_rate
What's going on? My card wont accept any transactions.,7,card_not_working
Does it cost anything to do currency exchanges?,12,exchange_charge
Is the PIN sent in another message?,17,get_physical_card
Can you tell me how to get my card on the app?,6,card_linking
What documents are required for proof of identity?,24,verify_my_identity
Why should I verify the top-up?,25,verify_top_up
What factors effect the exchange rate?,13,exchange_rate
Can you tell me why I haven't received my new card?,4,card_arrival
Is there a reason my payment is still pending?,20,pending_card_payment
What is the pending payment on my card about?,20,pending_card_payment
Can I make a withdraw if I am out of country from with out any fees at an ATM?,29,wrong_exchange_rate_for_cash_withdrawal
"I just got a new card, and I want to know how to activate.",0,activate_my_card
How is the exchange rate calculated?,13,exchange_rate
My card isn't here yet.,4,card_arrival
I don't think the exchange rate was right.,29,wrong_exchange_rate_for_cash_withdrawal
"always exchanging currencies, do you offer a discount?",12,exchange_charge
Where is an ATM?,2,atm_support
Is there an auto top up feature?,3,automatic_top_up
Would I be able to open an account for my daughter?,1,age_limit
"I tried to take out cash but the amount isn't right, so what do I do?",28,wrong_amount_of_cash_received
Activate my card,0,activate_my_card
Do I need to pay more for exchanging currencies?,12,exchange_charge
How can i make my card active?,0,activate_my_card
Why is there a charge for $1 on my account?,14,extra_charge_on_statement
"Show me how to link the new card,",6,card_linking
Is my account able to be topped up by my friends?,22,topping_up_by_card
My payments from my virtual card keep getting rejected.,26,virtual_card_not_working
What are the exchange rates?,13,exchange_rate
I need to know what your exchange rates are.,13,exchange_rate
Why hasn't my payment gone through yet?,20,pending_card_payment
My statement is showing I was Charged a dollar and I am not sure why.,14,extra_charge_on_statement
Is there a way I can get my card expedited?,4,card_arrival
Why would I need a disposable card?,16,get_disposable_virtual_card
I used the ATM to get money out and did not realize I would be charged as much as I was or I would not have done that!,29,wrong_exchange_rate_for_cash_withdrawal
I lost my passcode.,19,passcode_forgotten
Is it free to exchange currency?,12,exchange_charge
How do i set up my credit card to send transfers?,22,topping_up_by_card
why do your exchange rates change,13,exchange_rate
My card won't let me withdraw money.,9,declined_cash_withdrawal
"My new card is here, what's the process for activating it?",0,activate_my_card
What are the uses for disposable cards?,16,get_disposable_virtual_card
Will you tell me how I am supposed to use the disposable cards?,16,get_disposable_virtual_card
Can I open an account for my children?,1,age_limit
Can it automatically top up my account?,3,automatic_top_up
Where can I located the auto-top up option?,3,automatic_top_up
Why did the ATM cancel my transaction,9,declined_cash_withdrawal
"How can I request cash back? The ATM just gave me the wrong amount, the app shows the amount that I've been actually charged though...",28,wrong_amount_of_cash_received
What are the benefits of a disposable card?,16,get_disposable_virtual_card
Can I reset the passcode?,19,passcode_forgotten
what are weekend rates for getting cash,29,wrong_exchange_rate_for_cash_withdrawal
It wants me to verify the top up. Why?,25,verify_top_up
My card hasn't been working when I try to use it.,7,card_not_working
Is auto top up available?,3,automatic_top_up
Is it necessary to verify my top up?,25,verify_top_up
How much does it cost to exchange currencies?,12,exchange_charge
How old does one need to be?,1,age_limit
I need my card now!,5,card_delivery_estimate
I cannot withdraw money from the ATM,9,declined_cash_withdrawal
I want to transfer money using my credit card.,22,topping_up_by_card
The $1.00 has still not been reverted as indicated in the previous email.,14,extra_charge_on_statement
My card no longer works.,7,card_not_working
I deactivated my card but would like to reactivate it.,6,card_linking
What is stopping my money from transferring?,15,failed_transfer
can you tell me what cards and currencies you take?,21,supported_cards_and_currencies
Do you have the option for a disposable virtual card?,16,get_disposable_virtual_card
My account shows a direct debit charge that I have never seen before,11,direct_debit_payment_not_recognised
I'd like to use my American Express to place money into my account.,21,supported_cards_and_currencies
How do I get this damn virtual card to work?,26,virtual_card_not_working
Why does it matter that I prove my identity?,27,why_verify_identity
Can I make a withdraw in my home currency at an ATM? I'm on vacation and am a bit worried because I don't have cash with me. Is it possible to withdraw here without any additional costs or fees?,29,wrong_exchange_rate_for_cash_withdrawal
When will the card arrive?,5,card_delivery_estimate
How do I validate my identity.,24,verify_my_identity
I can't find my PIN anywhere.,17,get_physical_card
I may have a fraud charge on my debit statement.,11,direct_debit_payment_not_recognised
There is a Direct Debit that looks suspicious.,11,direct_debit_payment_not_recognised
Why did my payment get declined?,10,declined_transfer
A mortgage payment I'm making is giving me an error message. This is the first time I'm making this payment and want to know what's wrong.,15,failed_transfer
Will I be charged an extra fee if I need to exchange currency?,12,exchange_charge
Can you tell me about why the account I have was charged an extra 1$,14,extra_charge_on_statement
My card needs to be activated asap,0,activate_my_card
i tried to withdraw money from an atm and i was declined on front of my friends. Why did this happen?,9,declined_cash_withdrawal
How do I get my card to work?,7,card_not_working
I noticed the exchange rate for cash withdrawal isn't right.,29,wrong_exchange_rate_for_cash_withdrawal
I checked the exchange rate when I withdrew cash. But the actual rate that you applied was different.,29,wrong_exchange_rate_for_cash_withdrawal
Where can I find Mastercard ATMs?,2,atm_support
What is the need to verify my identity?,27,why_verify_identity
atm refused to give me money,9,declined_cash_withdrawal
The ATM did not give me as much cash as I requested.,28,wrong_amount_of_cash_received
May I choose when it's delivered?,5,card_delivery_estimate
"im so mad right now. theres several charges that I think my x boyfriend made on my card. the companys on the website wouldn't refund me my money, they told me to contact my bank. DO something please.",11,direct_debit_payment_not_recognised
I don't want to use this method to identify myself.,27,why_verify_identity
Can topping up be automatic?,3,automatic_top_up
I didn't get the right amount at the ATM.,28,wrong_amount_of_cash_received
Can I verify my identity?,24,verify_my_identity
It's requiring me to verify my identity?,27,why_verify_identity
Why is there a 1 euro fee on my statement?,14,extra_charge_on_statement
Is American Express supported for adding funds?,21,supported_cards_and_currencies
"I would like a disposable virtual card, could I get one?",16,get_disposable_virtual_card
"How long does it take to activate the card, as it does not look like its working?",0,activate_my_card
What is the exchange fee that is charged?,12,exchange_charge
I can't withdraw any money from my account. Ive tried a couple different ATM machines and both of them wouldn't give me my money. What's going on? Is my account frozen or something?,9,declined_cash_withdrawal
Which cards are accepted for topping up?,21,supported_cards_and_currencies
I can't verify my identity.,23,unable_to_verify_identity
My exchange rate was wrong for an Item I bought!,8,card_payment_wrong_exchange_rate
What do you demand for identity verification?,24,verify_my_identity
How do I activate my card that just arrived?,0,activate_my_card
I purchased something in a foreign currency but the rate applied is wrong,8,card_payment_wrong_exchange_rate
can you express my card to me?,5,card_delivery_estimate
Would I need to pay extra for currency exchanges?,12,exchange_charge
I found my lost card in my jacket pocket this morning so I'd like to reactivate it please.,6,card_linking
What do you need so I can verify my identity?,24,verify_my_identity
What are the disposable cards for?,16,get_disposable_virtual_card
"I tried and tried, but I could not complete my transfer. Tell me what is wrong.",15,failed_transfer
Why is there a direct debit payment on my app that is not from me?,11,direct_debit_payment_not_recognised
From which age can my kids use your service?,1,age_limit
i don't see the top-up verification code anywhere,25,verify_top_up
Do you have a tracking number for the card I was sent?,4,card_arrival
I have tried sending a standard transfer five times and it hasn't gone through. What is the problem?,15,failed_transfer
I received a decline message on a transfer,10,declined_transfer
"Hi, i was checking my old statements and found a discrepancy with a large amount transaction. I am sure it was not done by me. Please let me know if i could raise a dispute as its very late.",11,direct_debit_payment_not_recognised
I didn't receive the right amount of cash back,28,wrong_amount_of_cash_received
What does it mean by pending payment?,20,pending_card_payment
I wasn't able to use my card today when I went out for lunch. Wondering why that is?,7,card_not_working
How many days to deliver to a US customer?,5,card_delivery_estimate
Why does my payment appear as pending?,20,pending_card_payment
The exchange rate would be?,13,exchange_rate
"My transfer failed, why?",15,failed_transfer
The exchange rate is incorrect on an item I recently purchased in a foreign country.,8,card_payment_wrong_exchange_rate
How do I go about verifying the top-up card?,25,verify_top_up
How do I replace a stolen card?,18,lost_or_stolen_card
How long is delivery to the US?,5,card_delivery_estimate
I got less cash than the one I specified in the ATM,28,wrong_amount_of_cash_received
Is there extra fees for making a withdraw in a different country at a cash machine.,29,wrong_exchange_rate_for_cash_withdrawal
Where on the website do I go to link my card?,6,card_linking
The exchange rate for case abroad is applied wrong.,29,wrong_exchange_rate_for_cash_withdrawal
Tell me why my transfer was declined.,10,declined_transfer
My card does not work,7,card_not_working
Do I have to verify the top-up?,25,verify_top_up
Can you help me with proving my identity?,23,unable_to_verify_identity
How can I find a way to transfer money without it being rejected?,10,declined_transfer
I found my card! Can I link it back into the app?,6,card_linking
I'm having problems with ID verification,23,unable_to_verify_identity
Will I need a new card or can I put my old card back into the app?,6,card_linking
"In receiving cash, the wrong exchange rate was used for my transaction.",29,wrong_exchange_rate_for_cash_withdrawal
Where do I find my PIN for my new card?,17,get_physical_card
I happened to forget my passcode,19,passcode_forgotten
my atm transaction was wrong,28,wrong_amount_of_cash_received
I can't get the ATM to give me any cash,9,declined_cash_withdrawal
Why am I unable to withdraw my money through this card?,9,declined_cash_withdrawal
"My work sends me all over the world, can I get a discount for all the money I have to exchange?",12,exchange_charge
"I heard you have an auto-top up option, where do I find that?",3,automatic_top_up
How long does it take for me to get my new card?,4,card_arrival
Is verifying my identify important?,27,why_verify_identity
I've made more than one attempt to make a purchase and the card keeps getting declined. Why do you keep denying my transfers?,10,declined_transfer
How long does it take for my id to verify?,23,unable_to_verify_identity
I might have been charged on my debit statement by fraud.,11,direct_debit_payment_not_recognised
What ATM locations are near me?,2,atm_support
How did you arrive at the rate of exchange? I thought that I would get more cash.,29,wrong_exchange_rate_for_cash_withdrawal
Can you tell me what cards and currencies you support?,21,supported_cards_and_currencies
Help my prove my identity.,23,unable_to_verify_identity
What information am I going to have to have in order to do a transfer with my card?,22,topping_up_by_card
I've forgotten my passcode. Can I reset?,19,passcode_forgotten
What are the steps I need to do if I have a stolen card?,18,lost_or_stolen_card
"In my app, a direct debit payment that I didn't do shows up.",11,direct_debit_payment_not_recognised
I have been charged a pound for something that appears on my statement,14,extra_charge_on_statement
Where can I locate my PIN at?,17,get_physical_card
Can I have it add money at certain time intervals when I travel?,3,automatic_top_up
My card payment says pending and it hasn't changed,20,pending_card_payment
can you tell me why my transfer failed?,15,failed_transfer
Foreign currency rates were put in wrong at an ATM i used.,29,wrong_exchange_rate_for_cash_withdrawal
I don't remember my password,19,passcode_forgotten
Can I set it up to add money every few days automatically while I am traveling?,3,automatic_top_up
I have a payment which has not been approved.,20,pending_card_payment
"I made an international purchase, but the exchange rate was wrong",8,card_payment_wrong_exchange_rate
do you accept from usa credit card?,21,supported_cards_and_currencies
It's been a week since you sent my card and I still don't have it.,4,card_arrival
Show me how to verify my identity?,24,verify_my_identity
"I was attempting to purchase a golf club off eBay yesterday, but my credit card was declined. I tried multiple times, and again this morning. Can you check into my card please?",10,declined_transfer
My card payment still pending,20,pending_card_payment
Can my account be topped-up by friends of mine.,22,topping_up_by_card
Is the verification number on the top up card,25,verify_top_up
I purchased something abroad and the incorrect exchange rate was applied.,8,card_payment_wrong_exchange_rate
Can you tell me what the problem with my card is? It was declined at a restaurant today.,7,card_not_working
I need assistance with activating my new card.,0,activate_my_card
When will I have access to my pin number?,17,get_physical_card
"I already have one of your cards, how do I link them?",6,card_linking
I forgot my passcode. Now what?,19,passcode_forgotten
I haven't been able to complete any transactions on my card today. Do you know what's wrong?,7,card_not_working
My app shows a direct debit that isn't mine.,11,direct_debit_payment_not_recognised
Why is the exchange rate so exorbitant? This should have been a much higher amount of cash for that to apply.,29,wrong_exchange_rate_for_cash_withdrawal
I've tried completing a very standard transfer and have already attempted it 5 times. What's going on here? Is there a problem with your system?,15,failed_transfer
Am I able to open an account for my children?,1,age_limit
Is there a way to link cards if I have one of yours?,6,card_linking
I tried activating my card and it didn't work,0,activate_my_card
Is there a specific date i can have it delivered?,5,card_delivery_estimate
Can it be delivered on a certain date?,5,card_delivery_estimate
"I tried to make a withdrawal from the ATM, but it was cancelled.",9,declined_cash_withdrawal
Why am I being charged more ?,8,card_payment_wrong_exchange_rate
What is a disposable virtual card?,16,get_disposable_virtual_card
I could not get the ATM to work,9,declined_cash_withdrawal
I want to use my American Express for adding money into my account.,21,supported_cards_and_currencies
My throwaway virtual card won't work,26,virtual_card_not_working
My disposable virtual card is not working when I try to use it at a point of sale transaction. What do I do now?,26,virtual_card_not_working
Why is my exchange rate wrong for an item I bought?,8,card_payment_wrong_exchange_rate
How do you decide what the exchange rates are?,13,exchange_rate
Why do you need to verify my identity?,27,why_verify_identity
"Hi, I have withdrawn cash from the ATM on holiday and i guess withdrawal amount has been overcharged. I did it as i was not aware of these charges.",29,wrong_exchange_rate_for_cash_withdrawal
I think the exchange rate for the cash I withdrew wasn't correct.,29,wrong_exchange_rate_for_cash_withdrawal
Can I add a card that I just found (again) to the app?,6,card_linking
How come there is a $1 extra charge on my statement?,14,extra_charge_on_statement
Is there a fee for exchanging currency?,12,exchange_charge
"Where can I find the ""auto-top"" feature?",3,automatic_top_up
How do I transfer funds from my American Express into my account?,21,supported_cards_and_currencies
What is the exchange rate like?,13,exchange_rate
can i create my own pin right away,17,get_physical_card
The exchange rate used on your app is really bad. I'm considering closing my account because of it.,8,card_payment_wrong_exchange_rate
Can I use my American Express card to add money into my account?,21,supported_cards_and_currencies
I am having some difficulty verifying my id.,23,unable_to_verify_identity
Which documents do I need for this identity check?,24,verify_my_identity
can I link a card of yours I already have?,6,card_linking
The card PIN is not visible anywhere?,17,get_physical_card
the card payment exchange rate is wrong,8,card_payment_wrong_exchange_rate
I was charged the wrong exchange rate on a purchase,8,card_payment_wrong_exchange_rate
I don't know where to look to find my PIN.,17,get_physical_card
"I just want to top-up, why do I need to verify anything?",25,verify_top_up
"I just got my card and want to use it, how do I activate my card?",0,activate_my_card
Where can I get my card PIN?,17,get_physical_card
Is my card broken? I can't get cash out of the ATM,9,declined_cash_withdrawal
What foreign exchange rate will I get?,13,exchange_rate
What is the current exchange rate for me?,13,exchange_rate
I was charged an extra pound.,14,extra_charge_on_statement
I want to auto top-up.,3,automatic_top_up
I've been trying to do a transfer multiple times and have failed? Is the system down?,15,failed_transfer
Could I raise a dispute for a large payment that i found out was not done by me in my couple of last statements? I am aware its delayed now. Please help me out.,11,direct_debit_payment_not_recognised
I don't know where this debit transaction on my statement came from.,11,direct_debit_payment_not_recognised
What is the source of your exchange rates?,13,exchange_rate
Please explain your exchange rate policy.,13,exchange_rate
Why is my virtual card is being declined?,26,virtual_card_not_working
Why do I need to verify the top-up?,25,verify_top_up
What do I do with my card PIN?,17,get_physical_card
What do I do? My card is broken.,7,card_not_working
Why is a payment showing up on my card as pending?,20,pending_card_payment
I ordered my card but it hasn't been delivered yet,4,card_arrival
"I am unable to activate my card, it won't let me.",0,activate_my_card
Why do you need code verification for my top up?,25,verify_top_up
"I want to top up by using a credit card, which ones do you support?",21,supported_cards_and_currencies
Can I track the card that you sent me in the mail?,4,card_arrival
I was not able to receive the correct amount of cash.,28,wrong_amount_of_cash_received
Can I top up my card with other cards?,21,supported_cards_and_currencies
I had to pay a pound more than I anticipated!,14,extra_charge_on_statement
"please help me with this transfer, for some reason i can't transfer to a cryptocurency account",10,declined_transfer
How much longer is it going to take to get my new card?,4,card_arrival
I tried to withdraw cash from your ATM but my transaction was cancelled.,9,declined_cash_withdrawal
What does it mean if my payment is pending?,20,pending_card_payment
Why do transfers get declined?,10,declined_transfer
Hi I'm sending some money over to an investment bank I do business and the transaction is being rejected. I'm not sure why as I think I have the right details.,15,failed_transfer
How long will it take to get to me?,5,card_delivery_estimate
Why did my transfer get declined?,10,declined_transfer
I forgot my code,19,passcode_forgotten
How long does it take for a card to arrive?,5,card_delivery_estimate
Asked for $100 but only got $20. Why would this happen?,28,wrong_amount_of_cash_received
"Could it be that I deactivated my card, its not working?",7,card_not_working
Use credit card to transfer money,22,topping_up_by_card
What is this $1 charge on my account?,14,extra_charge_on_statement
How is an exchange rate calculated?,13,exchange_rate
What proof of identification is needed?,24,verify_my_identity
"When I travel, can it automatically add money in certain intervals?",3,automatic_top_up
What can I do if my passcode won't work?,19,passcode_forgotten
Need help to get my card to work.,7,card_not_working
"Hi, would you please activate my card?",0,activate_my_card
"I bought something while traveling, and the exchange rate was wrong.",8,card_payment_wrong_exchange_rate
Why didn't my payment process,20,pending_card_payment
"I tried using my card, but it doesn't work.",7,card_not_working
Please help me with my card. As i have tried to use my card in two different ATMs but repeatedly it was declining by ATM.,9,declined_cash_withdrawal
Why can't I find my PIN?,17,get_physical_card
"When I travel, what will it cost to switch for my currency?",12,exchange_charge
Is my daughter eligible to open an account?,1,age_limit
I know I'm getting a new card but would like know when I can expect to receive it.,4,card_arrival
Why doesn't my disposable virtual card work?,26,virtual_card_not_working
I tried to withdraw 40 pounds but only 20 came out. Did you steal my money?,28,wrong_amount_of_cash_received
How come the ATM won't give me my money?,9,declined_cash_withdrawal
is my card PIN saved in the app,17,get_physical_card
What is needed for my daughter to open an account?,1,age_limit
After making a payment with my card it doesn't seem to have worked. It's just showing to be pending. When will this actually be going through?,20,pending_card_payment
What are the auto-top up policies?,3,automatic_top_up
Is there a reason my new card hasn't arrived yet?,4,card_arrival
Is there a way to top-up automatically?,3,automatic_top_up
The amount of cash I requested to withdrawal did not match what I received when exchanged,29,wrong_exchange_rate_for_cash_withdrawal
Can my daughter open an account?,1,age_limit
My card hasn't arrived.,4,card_arrival
I didn't initiate a direct debit that I see on my account,11,direct_debit_payment_not_recognised
How do I retrieve my passcode?,19,passcode_forgotten
What is this extra pound charge for?,14,extra_charge_on_statement
Why hasn't my card arrived yet?,4,card_arrival
how much do I have to pay for exchange of currency?,12,exchange_charge
Why is my payment in pending status?,20,pending_card_payment
I see I was charged $1 for a transaction.,14,extra_charge_on_statement
My cash withdrawl was declined why?,9,declined_cash_withdrawal
"When I look at my statement there is an extra fee, that is for what?",14,extra_charge_on_statement
"what is going on, i have entered my passcode and its not working",19,passcode_forgotten
How long will this take to get to me?,5,card_delivery_estimate
what do i need to have with me to activate card,0,activate_my_card
I entered the correct pin but I still couldnt get funds.,9,declined_cash_withdrawal
I wasn't able to withdraw money at an ATM,9,declined_cash_withdrawal
I will be traveling and want money to be added automatically in certain intervals. Is this possible?,3,automatic_top_up
Why did I get a transfer declined?,10,declined_transfer
Why is my payment still pending?,20,pending_card_payment
What on earth is up with the exchange rate! This should have been a much higher amount of cash,29,wrong_exchange_rate_for_cash_withdrawal
When will I receive the card?,5,card_delivery_estimate
I can't find the card PIN.,17,get_physical_card
I did a transfer earlier but see that it failed to go through.,15,failed_transfer
I see a charge for a direct debit that was not me.,11,direct_debit_payment_not_recognised
"On the card that is coming, what's the tracking info?",4,card_arrival
Do you guys have any age restrictions?,1,age_limit
I was charged an incorrect exchange rate for a withdrawal.,29,wrong_exchange_rate_for_cash_withdrawal
Why didn't the ATM give me all my money,28,wrong_amount_of_cash_received
My app is showing a payment that I know I did not do. Can you please cancel that transaction and credit my account please?,11,direct_debit_payment_not_recognised
"I am adding money, what currencies do you accept to do this?",21,supported_cards_and_currencies
"There is a direct debit that I didn't set up, what should I do?",11,direct_debit_payment_not_recognised
I can't recall my passcode and need to reset it.,19,passcode_forgotten
Why did I only receive a partial amount of what I tried to withdraw?,28,wrong_amount_of_cash_received
Send my card as soon as you are able to.,5,card_delivery_estimate
Can I use my account before the identity verification is complete?,27,why_verify_identity
I received incorrect amount of cash from an ATM today. It was more than I wanted. What do I do now?,28,wrong_amount_of_cash_received
what are the exchange rates for foreign currency ATMs,29,wrong_exchange_rate_for_cash_withdrawal
Could you please tell me why my purchases from this morning say payment is pending?,20,pending_card_payment
How long will it be to get this new card?,4,card_arrival
What's the phone number to freeze a card?,18,lost_or_stolen_card
"My card has not arrived yet, where is it?",4,card_arrival
"i am express delivering my card to the us, how long will that take",5,card_delivery_estimate
Why could my transfer have been declined?,10,declined_transfer
What cards and currencies are supported?,21,supported_cards_and_currencies
"I think my transfer was declined, but why?",10,declined_transfer
Did you deactivate my card it's not working anymore,7,card_not_working
There has been a charge pending on my account statement that I can't figue out it's for a dollar.,14,extra_charge_on_statement
Do I have a $1 extra fee on the statement?,14,extra_charge_on_statement
I have found my lost or stolen card. Is there a way I can link the card with my account through my app again?,6,card_linking
I think the exchange rate for the cash I withdrew was wrong.,29,wrong_exchange_rate_for_cash_withdrawal
"On my app I can see that a direct debit payment that I didn't do, appears.",11,direct_debit_payment_not_recognised
How do I link my card in the app.,6,card_linking
Hello. I'm trying to transfer some money to a friend but it keeps getting rejected. can you help me?,15,failed_transfer
Why was I charged more than I should have been?,14,extra_charge_on_statement
I have foreign currency i would like to change how much will it cost me?,12,exchange_charge
What does the €1 fee mean?,14,extra_charge_on_statement
What forms of payment do you accept?,21,supported_cards_and_currencies
What is the fee for a foreign currency exchange?,12,exchange_charge
Which ATMs accept this circuit board ?,2,atm_support
I cannot get my disposable virtual card to work,26,virtual_card_not_working
"In my app, a direct debit payment I didn't do shows in my app",11,direct_debit_payment_not_recognised
"I made a purchase this morning, and it is showing as pending.",20,pending_card_payment
There is a direct debit set up that I didn't create.,11,direct_debit_payment_not_recognised
I still haven't received my card in the mail,4,card_arrival
What do you need for my identity check?,24,verify_my_identity
How do I add the card to my account?,6,card_linking
Using international ATMs messes up the exchange rate.,29,wrong_exchange_rate_for_cash_withdrawal
i need help finding the auto top up option.,3,automatic_top_up
Why is there an extra dollar charged to my account?,14,extra_charge_on_statement
"How do I reset a forgotten passcode, please?",19,passcode_forgotten
What are the ATMs that will accept this card?,2,atm_support
Will I have to pay extra to exchange money?,12,exchange_charge
Why didn't I receive all the cash I requested?,28,wrong_amount_of_cash_received
Your exchange rates are coming from where?,13,exchange_rate
why is there a service fee on my statement?,14,extra_charge_on_statement
"My ID verification hasn't gone through yet, but can I use my account anyway?",27,why_verify_identity
Should I keep waiting for my card to be delivered?,4,card_arrival
Do you have any accounts for children ?,1,age_limit
My card has been lost / stolen,18,lost_or_stolen_card
I can't use my card for anything,7,card_not_working
I did not get enough cash,28,wrong_amount_of_cash_received
Which ATMs accept this placard ?,2,atm_support
"Hi, can you tell me why my transfer keeps being rejected? I've been trying to send money to my friends this morning but failed every time and I have no idea why?",15,failed_transfer
What documents do you need to verify my identity?,24,verify_my_identity
Can you explain more about why should I verify my identity?,27,why_verify_identity
What is the reason for the extra fee on my statement?,14,extra_charge_on_statement
The cash I wanted wasn't there.,28,wrong_amount_of_cash_received
There's a direct debit on my account that I didn't authorize,11,direct_debit_payment_not_recognised
I found my card again. Can I put it back into the app?,6,card_linking
I notice there's a pending payment on my card.,20,pending_card_payment
When can I expect my card to arrive?,5,card_delivery_estimate
I haven't gotten my new card.,4,card_arrival
Was there a number to track that I could get?,4,card_arrival
"My new card just arrived, how can I activate it?",0,activate_my_card
What is this fee debit on my account?,14,extra_charge_on_statement
How will I know when I can use the auto top-up feature?,3,automatic_top_up
I am unable to get cash from the ATM,9,declined_cash_withdrawal
The amount of cash I received was incorrect,28,wrong_amount_of_cash_received
The app doesn't think it's me.,23,unable_to_verify_identity
Can you please show me where I can find the location to link my card?,6,card_linking
What do I do if I forgot my passcode?,19,passcode_forgotten
I don't understand why there is an extra €1 fee in my statement.,14,extra_charge_on_statement
"When adding money, what are the currencies you take?",21,supported_cards_and_currencies
Is there a way to make my old card usable with the app?,6,card_linking
What should I do if I can't use my card?,7,card_not_working
Why is my payment pending?,20,pending_card_payment
I was attempting to top up with my card but the money has vanished!,22,topping_up_by_card
I tried to pull cash from an ATM but it wouldn't let me.,9,declined_cash_withdrawal
My card isn't working at all. What happened?,7,card_not_working
Can you please identify the problem with my bank card?,7,card_not_working
Which currencies do you work with?,21,supported_cards_and_currencies
How old does my kids need to be to open an account?,1,age_limit
"Hearing back from us regarding your important verification results may take 10 minutes to one hour time. If verification results do fail, double-check to make sure all of your images are clear -- make sure your photos have no glare or blurring. Note: These photos need to be readable as well. You also need to be 18 years of age or older. You must be a resident of Switzerland or the European Economic Area to open a new account.",23,unable_to_verify_identity
Is there a discount for frequently exchanging currencies?,12,exchange_charge
how does a virtual card work,16,get_disposable_virtual_card
"I found my card, how can I use it again?",6,card_linking
Why is there an identity check?,27,why_verify_identity
Why did you charge me extra?,14,extra_charge_on_statement
I lost my wallet and all my cards were in it.,18,lost_or_stolen_card
I am getting continuous failure for all my transfers. I have cross checked each recipient detail again and again and everything is correct.,10,declined_transfer
Can I track my card while it is in the process of delivery?,4,card_arrival
I couldn't make a transfer because it was declined,10,declined_transfer
I would like to reactivate my card.,6,card_linking
My card will not work,7,card_not_working
What do I have to do to activate my card?,0,activate_my_card
Is there a way to verify a card top-up?,25,verify_top_up
When will it be delivered to the US?,5,card_delivery_estimate
Why is there a direct debit fee in the App when I didn't do it?,11,direct_debit_payment_not_recognised
Why was my cash withdrawal cancelled at the ATM?,9,declined_cash_withdrawal
How can I activate my new card? I didn't recieve any information with it about how to do so.,0,activate_my_card
Where is my PIN located?,17,get_physical_card
My transfer failed,15,failed_transfer
Does it cost money for currency exchange services?,12,exchange_charge
What is the process for activating my new card?,0,activate_my_card
I took out money from a transaction machine and it exchanged the wrong dollar value amount from another currency!,29,wrong_exchange_rate_for_cash_withdrawal
I can't seem to figure out why my transfers are getting declined.,10,declined_transfer
How do I verify my new card?,0,activate_my_card
Can I use American Express?,21,supported_cards_and_currencies
Can I add money automatically to my account while traveling?,3,automatic_top_up
Is my PIN sent separably?,17,get_physical_card
Why was my transaction declined?,15,failed_transfer
Can you tell me what the exchange fee is?,12,exchange_charge
My top up card needs verification and I don't know how to do it,25,verify_top_up
What is the purpose of requiring my identification?,27,why_verify_identity
Please assist me with activation.,0,activate_my_card
What's the limit on automatic top-up?,3,automatic_top_up
I don't think my card payment exchange rate is correct.,8,card_payment_wrong_exchange_rate
How old do you need to be to use the banks services?,1,age_limit
I am having trouble verifying my identity.,23,unable_to_verify_identity
Please help me. My card is missing.,18,lost_or_stolen_card
Where's my top up code?,25,verify_top_up
There is a fee I don't recognize on my statement.,14,extra_charge_on_statement
I noticed an extra charge on the purchase that I made last Saturday on my account. Can you see if I received the correct exchange rate?,8,card_payment_wrong_exchange_rate
My card broke.,7,card_not_working
I have a new card and need to activate it,0,activate_my_card
What do I need for the identity check?,24,verify_my_identity
I'd like to transfer funds using my credit card.,22,topping_up_by_card
this verifying the top up is annoying,25,verify_top_up
I was able to find my card. How to I go about putting it into my app?,6,card_linking
I was at the ATM trying to made a withdraw and I was declined.,9,declined_cash_withdrawal
I have been overcharged. I just changed over Russian Ruble to UK pounds and it was too much. It seems something was wrong with my exchange.,8,card_payment_wrong_exchange_rate
Is it possible to top up by card?,22,topping_up_by_card
I would like to better understand why my pass-code is not working.,19,passcode_forgotten
I misplaced my card and I dont know where the last place is where I used the card last. Can you look at my account and tell me the last place I used the card?,18,lost_or_stolen_card
Which credit card top-ups do you accept?,21,supported_cards_and_currencies
"The ATM will not let me get cash, WHY?",9,declined_cash_withdrawal
I found a charge for a direct debit that was not made by me.,11,direct_debit_payment_not_recognised
"I was wondering why my payment hasn't gone through yet, its been a while.",20,pending_card_payment
How can I get money in my home currency while I'm traveling internationally? I wanted to take it out of a local ATM but am worried that I will get charged extra fees.,29,wrong_exchange_rate_for_cash_withdrawal
Is it normal to have to wait over a week for my new card?,4,card_arrival
I'm still waiting on a payment,20,pending_card_payment
I need help resetting my passcode to access my app.,19,passcode_forgotten
How do I make my transfer go through,10,declined_transfer
Help! I can't find my card.,18,lost_or_stolen_card
What's a verification code?,25,verify_top_up
Why is identity verification required?,27,why_verify_identity
Do you have to be 18 to make an account?,1,age_limit
how come my withdrawal rate is wrong for my cash withdrawal,29,wrong_exchange_rate_for_cash_withdrawal
Which ATMs accept this card?,2,atm_support
How can I start using my card?,0,activate_my_card
help me link my card,6,card_linking
"Is it possible to go ahead and log in, although I have not been confirmed yet?",27,why_verify_identity
Help me use American Express to add money to the account.,21,supported_cards_and_currencies
Where is my PIN?,17,get_physical_card
Can I use an auto top-up option?,3,automatic_top_up
Nothing goes through on my card.,7,card_not_working
How do I report my card stolen?,18,lost_or_stolen_card
How do I report a stolen card?,18,lost_or_stolen_card
Where can I reset the passcode?,19,passcode_forgotten
Which cards and currencies do you support?,21,supported_cards_and_currencies
How old do my kids need to be to open an account?,1,age_limit
Why is there a fee for an extra pound in my statement?,14,extra_charge_on_statement
"I just received a new card, where do I go to link it to my account?",6,card_linking
"I found my card that I thought I had lost, I need to reactive it, please help.",6,card_linking
Why is my withdrawal wrong? I took out $100 but only received $20.,28,wrong_amount_of_cash_received
whats the exchange charge,12,exchange_charge
Could you help my figure out the exchange fee?,12,exchange_charge
My ATM withdrawal was cancelled,9,declined_cash_withdrawal
I have heard about these disposable virtual cards but don't understand how they work.,16,get_disposable_virtual_card
I was charged the wing amount for an item.,8,card_payment_wrong_exchange_rate
Is there a reason that my transfer failed?,15,failed_transfer
I got a message that my transfer was declined.,10,declined_transfer
Why is the purchase I made this morning still pending?,20,pending_card_payment
My ATM card isn't working for a withdrawl,9,declined_cash_withdrawal
totally unacceptable. I'm stranded with no cash because the ATM wouldn't give me any money!,9,declined_cash_withdrawal
Why isn't my id verified?,23,unable_to_verify_identity
Is my card broken?,7,card_not_working
How do I find the code needed in order to verify my top-up card?,25,verify_top_up
I answered so many questions about my identity. Why do you need this info?,27,why_verify_identity
I noticed my exchange rate was incorrect when I got cash.,29,wrong_exchange_rate_for_cash_withdrawal
"I tried to withdraw cash and got declined, why is that?",9,declined_cash_withdrawal
I need some help figuring out what this strange payment is on my account. It's stays pending and won't go away.,14,extra_charge_on_statement
It kept my cash,28,wrong_amount_of_cash_received
Do you know how I can verify that I did a top-up to my card?,25,verify_top_up
"The transfer keeps failing - I tried to transfer some money to friends this morning but it keeps getting rejected for some reason, I have no idea why",15,failed_transfer
Can I use my social security card as a form of identity?,24,verify_my_identity
Do I really need to verify my identity?,27,why_verify_identity
why must I prove ID,24,verify_my_identity
I can't see a verification code anywhere,25,verify_top_up
How many ATMs will take this card?,2,atm_support
The app won't identify me.,23,unable_to_verify_identity
There was a strange transaction made on my account a couple weeks ago by a seller I don't recognize. May you please check on this transaction for me.,11,direct_debit_payment_not_recognised
I can't seem to be able to use my card,7,card_not_working
What went wrong when I tried to do my transfer?,15,failed_transfer
The app failed to verify me.,23,unable_to_verify_identity
What's wrong with my card? The clerk at the grocery store said it was declined.,7,card_not_working
What is the youngest age for an account?,1,age_limit
"Hello, there seems to be a billing mistake associated with my account. My app was charged $1 more than it should have. Could you please explain why this may have happened?",14,extra_charge_on_statement
What's the reason my new card hasn't come?,4,card_arrival
I think when I withdrew money when out of country the exchange rate was wrong.,29,wrong_exchange_rate_for_cash_withdrawal
From where are you getting your exchange rates?,13,exchange_rate
Do you know the process how to activate my card?,0,activate_my_card
I don't think the charges made when I had currency exchanged are right.,8,card_payment_wrong_exchange_rate
"If the transfer details have already but reviewed and confirmed that they are correct, what other reason would cause my transfer to be declined?",10,declined_transfer
How do I show this stupid system that this is really my identity?,23,unable_to_verify_identity
Unsure how to provide my identity.,23,unable_to_verify_identity
"Could I reactivate my card please, I couldn't find it but it turns out it was in my jacket pocket.",6,card_linking
What are the cards and currencies that you support?,21,supported_cards_and_currencies
Why didn't my transfer go through?,15,failed_transfer
What is the reason my transfer was declined?,10,declined_transfer
I believe a wrong exchange rate was applied towards a cash transaction I made abroad.,29,wrong_exchange_rate_for_cash_withdrawal
Why was I overcharged a pound!?,14,extra_charge_on_statement
Why was I not able to get cash from the ATM?,9,declined_cash_withdrawal
What's the fee for exchange of foreign currencies?,12,exchange_charge
What do I need to do to link my new card for my account?,6,card_linking
Will money be added automatically when necessary?,3,automatic_top_up
How old do I need to be to open an account?,1,age_limit
Can it add money automatically while travelling,3,automatic_top_up
How can I check on the status of my new card?,4,card_arrival
HOW LONG TO TAKE THE TIME TO SOLVE,7,card_not_working
Where is the closest ATM to me?,2,atm_support
Where do I find the auto top- up?,3,automatic_top_up
I see a direct debit transaction in my app that I didn't make.,11,direct_debit_payment_not_recognised
My disposable virtual card is broken.,26,virtual_card_not_working
Can I auto top up multiple times?,3,automatic_top_up
Is there a pay structure for currency exchanges?,12,exchange_charge
Can cards be dispatched on a specific date?,5,card_delivery_estimate
My card has gone missing.,18,lost_or_stolen_card
Are PIN separately?,17,get_physical_card
My cash received does not match what has been requested,28,wrong_amount_of_cash_received
Do I need a disposable card?,16,get_disposable_virtual_card
What cards and currencies will suffice?,21,supported_cards_and_currencies
I was not given the amount of cash I withdrew,28,wrong_amount_of_cash_received
I have forgotten my password.,19,passcode_forgotten
"The activation process did not work, please help?",0,activate_my_card
"found card, how to put it back in app",6,card_linking
The exchange rate for foreign ATM currency is wrong.,29,wrong_exchange_rate_for_cash_withdrawal
I am having difficulties to verify my identity.,23,unable_to_verify_identity
What are the steps I need to take to verify my identity?,24,verify_my_identity
"Hello, I am buying a flat and need the inital payment for the mortgage to go through. It keeps showing up as error, what is going on? Can you please help me make this transfer?",15,failed_transfer
I tried to withdraw cash from the ATM machine and it did not work. Can you tell me why?,9,declined_cash_withdrawal
why wouldnt the atm give me money,9,declined_cash_withdrawal
What all is needed for the identity verification?,24,verify_my_identity
I did not set up a direct debit I have,11,direct_debit_payment_not_recognised
Is there a fee for exchanging cash?,29,wrong_exchange_rate_for_cash_withdrawal
Which cards do you support for top up?,21,supported_cards_and_currencies
I am unable to use my card.,7,card_not_working
Someone may have made an error in figuring out the rate of exchange. I should have received more cash than I did on my most recent withdrawal.,29,wrong_exchange_rate_for_cash_withdrawal
"I followed the instructions to transfer money using my card, but then the money disappeared and I don't know what happened.",22,topping_up_by_card
What do I need to do to verify my identity?,24,verify_my_identity
I saw that my transfer was declined.,10,declined_transfer
Can you please explain why my transfer failed?,15,failed_transfer
How much do I have to pay to accept an international transfer?,12,exchange_charge
Why couldn't I make a withdrawal from the ATM?,9,declined_cash_withdrawal
The ATM didn't give me the amount I asked for,28,wrong_amount_of_cash_received
"Hi, I don't think your exchange rate is right. I need you to check the official interbank exchange please.",8,card_payment_wrong_exchange_rate
What is my money worth in other countries?,13,exchange_rate
What does a pending transaction mean?,20,pending_card_payment
I bought an item and the exchange rate was wrong.,8,card_payment_wrong_exchange_rate
Can my account be topped up by my friends?,22,topping_up_by_card
The ATM didnt let me get cash,9,declined_cash_withdrawal
Do I have to pay for exchanging currencies?,12,exchange_charge
I can't find my password,19,passcode_forgotten
When will you be taking orders for disposable virtual cards?,16,get_disposable_virtual_card
What exchange rate is it?,13,exchange_rate
"My funds are low, can I auto top up?",3,automatic_top_up
Which currencies can I use to add money?,21,supported_cards_and_currencies
Will I be charged for exchanging foreign currencies?,12,exchange_charge
is my pin the same as my passcode,17,get_physical_card
What should I do? My card has been stolen!,18,lost_or_stolen_card
I'm still waiting for my card that was issued a week ago. What should I do?,4,card_arrival
"I lost my card, what do I do now?",18,lost_or_stolen_card
reason i need to verify top up,25,verify_top_up
The purchase I made is still pending.,20,pending_card_payment
What type of ID do you accept?,24,verify_my_identity
The ATM cancelled a transaction on me when I was trying to get some cash out.,9,declined_cash_withdrawal
Could you please tell me how to activate my new card?,0,activate_my_card
I have forgotten my passcode,19,passcode_forgotten
What does the decline message mean,10,declined_transfer
How can I use my American Express to add money into my account?,21,supported_cards_and_currencies
can i use my mastercard to add money to my account,21,supported_cards_and_currencies
My account was charged a debit payment I don't recognize.,11,direct_debit_payment_not_recognised
What do I do if there is an electronic debit that is not correct?,11,direct_debit_payment_not_recognised
How long does it actually take for a card payment to go through? There's one stuck since a couple of days already that doesn't seem to move,20,pending_card_payment
Tell me how to reset the passcode.,19,passcode_forgotten
What is the extra €1 fee in my statement,14,extra_charge_on_statement
Was I charged more than I should of been for a currency exchange?,8,card_payment_wrong_exchange_rate
I purchases several items today. Why are they still showing pending?,20,pending_card_payment
I don't see the verification code for my card transfer.,25,verify_top_up
The rate for a currency exchange was wrong when I bought something.,8,card_payment_wrong_exchange_rate
How can I obtain a disposable virtual card?,16,get_disposable_virtual_card
Is there an additional cost to exchange currencies?,12,exchange_charge
Is there a function where I can top-up automatically?,3,automatic_top_up
Can i get money back in my home currency at ATM? As I am on holiday and bit concerned because i do not have any cash with me . Is it possible to withdraw without any additional cost.,29,wrong_exchange_rate_for_cash_withdrawal
Is there a way my new card can be renewed?,0,activate_my_card
My card has been found. Is there any way for me to put it back into the app?,6,card_linking
how come the verification with the top up,25,verify_top_up
"I thought I lost my card but I found it today, so I would like to reactivate it.",6,card_linking
why are all my identity details required,27,why_verify_identity
What is the wait time for delivery to the US?,5,card_delivery_estimate
In a recent withdrawal I received less cash than I expected to receive. Did someone make an error with the exchange rate?,29,wrong_exchange_rate_for_cash_withdrawal
How do I use a card to top up?,22,topping_up_by_card
Can I add a card to back into the app?,6,card_linking
Why do I have to verify the top-up that I started?,25,verify_top_up
"If I exchange foreign currency, are there any other charges?",12,exchange_charge
Why do you keep declining my transfers? it's always been working really well so far but when I tried to buy something just now the card got declined . I tried couple of times already but same thing is happening .,10,declined_transfer
How do I active this card?,0,activate_my_card
My transfer was declined. Why did this happen?,10,declined_transfer
what documentation do I need for the identity check?,24,verify_my_identity
How long should I wait for the card to arrive?,5,card_delivery_estimate
I bought something this morning and the payment is still pending,20,pending_card_payment
I was charged extra. Was the exchange rate for my payment last Saturday wrong?,8,card_payment_wrong_exchange_rate
Why am I being asked to have an identity check,27,why_verify_identity
Where is the nearest bank machine?,2,atm_support
I need to exchange some foreign currency. What's the charge for doing that?,12,exchange_charge
What ATMs will accept this type of card?,2,atm_support
I did not receive all of my cash back,28,wrong_amount_of_cash_received
I would like to receive instructions showing the verification process for top up cards..,25,verify_top_up
I am having trouble activating my card.,0,activate_my_card
Is there a fee for exchanging foreign currencies?,12,exchange_charge
There is some odd 1£ charge that appears as pending on my statement. What's that about? Pretty sure I haven't purchased anything for a pound there.,14,extra_charge_on_statement
What was the cause for my card to be declined?,9,declined_cash_withdrawal
The app does not recognize who I am.,23,unable_to_verify_identity
I have a top up card. Where is the verification code?,25,verify_top_up
Why do I see an extra £1 charge on my statement?,14,extra_charge_on_statement
"I want to reactivate my card, I thought I had lost it but found it again this morning.",6,card_linking
How do I top-up automatically?,3,automatic_top_up
What payment methods are used to top up?,21,supported_cards_and_currencies
$1 charge in transaction.,14,extra_charge_on_statement
how do I know where I can get money withdrawn?,2,atm_support
I am seeing pending from the card payment I made.,20,pending_card_payment
Can you help me retrieve my card?,18,lost_or_stolen_card
Is there an age limit to open an account,1,age_limit
How come the ATM gave me less cash than what I asked for?,28,wrong_amount_of_cash_received
why wouldn't you support american express? its a card i like and use often and i don't want to get a different one,21,supported_cards_and_currencies
Are there directions to get a new passcode if I forgot mine?,19,passcode_forgotten
What is the reason for the identity check,27,why_verify_identity
Where is the tracking number for the card you sent me?,4,card_arrival
Will my pin number be sent with my card?,17,get_physical_card
I was trying to use my virtual card at a merchant and it was rejected. How can I fix this?,26,virtual_card_not_working
"I am traveling, what can I do to set up auto top-up?",3,automatic_top_up
Why is there an identify check?,27,why_verify_identity
"I notice a transaction a couple of weeks ago in my account, from a seller that I don't recognize. Is there a way we can trace back the information to make sure it was truly something I did?",11,direct_debit_payment_not_recognised
What is the cause of the delay in applying my card payment to my account?,20,pending_card_payment
Can I have it delivered on a specific date?,5,card_delivery_estimate
can the delivery be specific to my needs?,5,card_delivery_estimate
What is the process of obtaining a disposable virtual card,16,get_disposable_virtual_card
Can you please check why I am having this extra fee on my statement.,14,extra_charge_on_statement
The rate applied to my foreign purchase was incorrect,8,card_payment_wrong_exchange_rate
why do you verify the top up,25,verify_top_up
what are the locations i can withdraw money,2,atm_support
Some cash was missing at ATM.,28,wrong_amount_of_cash_received
"On my last trip, I received the incorrect exchange rate.",29,wrong_exchange_rate_for_cash_withdrawal
"When I went to get cash, it was declined!",9,declined_cash_withdrawal
Can I use my card at any ATMs?,2,atm_support
What's the cost for exchanges?,12,exchange_charge
"Okay, I found my card, can I put it back in the app?",6,card_linking
Why was the exchange wrong for the item I purchased?,8,card_payment_wrong_exchange_rate
The app failed to verify my identity.,23,unable_to_verify_identity
When are cards shipped?,5,card_delivery_estimate
My currencies needed to be exchanged often and I was wondering if there were any discounts available for this?,12,exchange_charge
Can I add money in intervals to my account? I will be traveling.,3,automatic_top_up
I just have one other card from the US. Is that okay?,21,supported_cards_and_currencies
I tried to withdraw 50 pounds but it only gave me 30. Where is the rest of my money?,28,wrong_amount_of_cash_received
I don't recognize this debit transaction in my billing statement?,11,direct_debit_payment_not_recognised
Why was my cash withdrawal declined by the ATM?,9,declined_cash_withdrawal
Why did I get charged one pound seemingly randomly?,14,extra_charge_on_statement
Why has my transfer failed?,15,failed_transfer
What are your international exchange rates?,13,exchange_rate
can you assist me in activating my card?,0,activate_my_card
I'm not sure how disposable virtual cards work. Please help.,16,get_disposable_virtual_card
My card payment is showing pending however this transaction was a couple of days ago. Is there a reason why it it still pending?,20,pending_card_payment
my pin hasn't arrived in the post! How do I cancel it or get a new one?,17,get_physical_card
Top up not available in my wallet.,22,topping_up_by_card
passcode retrieval,19,passcode_forgotten
where can i located the auto top up function?,3,automatic_top_up
I need my card quickly,5,card_delivery_estimate
Why is the payment on my card still pending?,20,pending_card_payment
What does it mean when it says that I have a payment that is pending?,20,pending_card_payment
ATM withdrawal not working.,9,declined_cash_withdrawal
there is a debit i dont recognize,11,direct_debit_payment_not_recognised
My disposable virtual card got rejected,26,virtual_card_not_working
"I tried to buy something and it was declined and my transfers keep getting declined, Why?",10,declined_transfer
How much will I be charged for a cross-currency exchange?,12,exchange_charge
what are the steps to activate my card?,0,activate_my_card
At what age can I open an account?,1,age_limit
I've already tried 5 times to complete a transfer that's just standard. What's the deal? Is your system down at this time?,15,failed_transfer
Explain to me why a transfer would be declined.,10,declined_transfer
What can I use to verify my identify?,24,verify_my_identity
Help me please! My card was stolen!,18,lost_or_stolen_card
How can I prove I am me?,24,verify_my_identity
The app is showing a direct debit payment that I never made,11,direct_debit_payment_not_recognised
I want to top up my account. What payment methods are supported?,21,supported_cards_and_currencies
The wrong exchange rate was applied to me while pulling out cash.,29,wrong_exchange_rate_for_cash_withdrawal
Why isn't my purchase exchange rate correct?,8,card_payment_wrong_exchange_rate
"I saw money was taken out of my account by a seller a while back. I do not recognize the seller, but I'm pretty certain I didn't make that payment. Can you track who the seller is?",11,direct_debit_payment_not_recognised
Why is there an extra €1 fee in my statement?,14,extra_charge_on_statement
How long will it take for my ID to verify?,23,unable_to_verify_identity
Please provide me a list of ATMs that accept my card.,2,atm_support
I have a direct debit charge that I do not recognize,11,direct_debit_payment_not_recognised
I want to open an account for my children,1,age_limit
I need to know what foreign exchange rate I can get.,13,exchange_rate
Can you please tell me why my transfer failed?,15,failed_transfer
I can't get my card to work.,7,card_not_working
What is this direct debit I am seeing?,11,direct_debit_payment_not_recognised
I can't seem to use my card. Can you help?,7,card_not_working
"My transfers keep on getting declined. My card was working fine up until now, however it has suddenly stopped working. Why is this?",10,declined_transfer
Why am I having trouble withdrawing cash?,9,declined_cash_withdrawal
I have a 1 euro fee on my statement.,14,extra_charge_on_statement
How do I add my new card?,6,card_linking
I have one other credit card from the US. Do you take that?,21,supported_cards_and_currencies
I need to know your exchange rates.,13,exchange_rate
My card was stolen. What do I need to do?,18,lost_or_stolen_card
I want to add funds to my account. What payment methods are accepted?,21,supported_cards_and_currencies
Can you help me get a disposable virtual card?,16,get_disposable_virtual_card
Where is my PIN number located?,17,get_physical_card
What is the youngest someone can be to open an account?,1,age_limit
Something went wrong with my withdrawal. The amount of money isn't right.,28,wrong_amount_of_cash_received
What kind of costs are involved for exchanging currency?,12,exchange_charge
I have a problem with a transfer. It didn't work. Can you tell me why?,10,declined_transfer
I have 1 other US card. Can you take that?,21,supported_cards_and_currencies
Why was my card charged when topping off my balance but it's not showing up in my wallet balance?,22,topping_up_by_card
What needs to be done to activate and use a card?,0,activate_my_card
What age do you have to be to open an account?,1,age_limit
I bought some things this morning but the payment shows that it is pending,20,pending_card_payment
"Hi, In morning, i was trying to withdraw money from my card, but it got declined. So far it was working fine. Could you please check my card.",9,declined_cash_withdrawal
I'm panicking! I lost my card! Help!,18,lost_or_stolen_card
What are some reasons that would cause ATM machines to decline my card? It has happened to me multiple times!,9,declined_cash_withdrawal
The money disappeared when I tried to use my card to top up.,22,topping_up_by_card
I cannot get my virtual card to function.,26,virtual_card_not_working
"Hello, in these holidays i have been overcharged on the amount i have withdrawn on one of your ATMs. I did not had any clue about the horrible charges otherwise i would not have withdrawn.",29,wrong_exchange_rate_for_cash_withdrawal
Can I setup top ups in advance?,3,automatic_top_up
I am trying to transfer money and something is going wrong.,15,failed_transfer
is there a frequent currency discount?,12,exchange_charge
What do I do to link my new card?,6,card_linking
The exchange rate from my card payment isn't right.,8,card_payment_wrong_exchange_rate
My money disappeared right when I tried to top up,22,topping_up_by_card
